,Track name,Track id
0,Itna Na Mujhse Tu Pyar Badha - Duet,5U3LJ3XtA63pGWMeskRULX
1,Aksar Is Duniya Mein,6m2UYr6ZJN8wtDzOauBIb9
2,Teri Baaton,7BgYR9r202eRYKMgCtebII
3,Abhi Na Jao Chhod Kar,2oaKoKA8bvgWfBi9M8wEVJ
4,"Hothon Se Chhu Lo Tum - From ""Prem Geet""",4mBmsPcPa1Eu4LDTHq55Ab
5,Hoshwalon Ko Khabar Kya,5NbR7c5zrOZN3Dje3JVJEN
6,"Yeh Vaada Raha - From ""Yeh Vaada Raha""",19LAzJUBAOzZtpw1h3J1YP
7,Awara Hoon,5ZQqtduL5MNBhIXclinQmc
8,Aaye Ho Meri Zindagi Mein - Male Version,3jNAbt95cAN8Z3LzMPfoUp
9,Mujh Se Pehli Si Mohabbat,3ZIFPNzFxJxD4trmWdWScK
10,"Dekha Ek Khwab (From ""Silsila"")",6eu75OSNNFbQncfV3jbJ3a
11,Maine Payal Hai Chhankai,51EUKH2M1QGN50iGUlnxmU
12,Yeh Haseen Vadiyan Yeh Khula Aasman,6NmGIj2leVHRKkHEGyechJ
13,"Ek Din Aap (From ""Yes Boss"")",7dbO1k9ryxPFJG0fvYBffu
14,"Ajib Dastan Hai Yeh (From ""Dil Apna Aur Preet Parai"")",5VGNtow5pqQXFa0a1QAIBb
15,"Main Koi Aisa Geet Gaoon (From ""Yes Boss"")",4hLShJ4RCa2KhqVHD7MRDn
16,Aap Ki Nazron Ne Samjha,6BHcSsU2oBdIwh99FejTzy
17,Jahan Mein Aesa Kaun Hai,1bCe5TnMj6g8dl3Gbril78
18,Hamari Adhuri Kahani (Title Track),3HiobOOpSpMsi95WBKPBYk
19,Sanam Teri Kasam,1PDREqVNvmphIoNac3Vz8c
20,"Agar Tum Saath Ho (From ""Tamasha"")",2FCXQHugkoHE1K3tiDu8pu
21,Sahiba,4ulroyDK6rN73nVkCkWhur
22,Tera Chehra,3trnNo4KeaUlFuUiV7iRCj
23,Stay,5qMKcWk6Lcuz0t3R9Ed1NO
24,Ae Dil Hai Mushkil Title Track,1UWacd8x8tPPwmrPB1MoBI
25,"Raanjhan (From ""Do Patti"")",4vHRQnzGcKEtqsLH70tAms
26,"Jaane Tu (From ""Chhaava"")",2xJljikiXXEymW80bqyG6u
27,"Ve Kamleya (From ""Rocky Aur Rani Kii Prem Kahaani"")",6EivvaEepVTjmDde43eGiB
28,Bewajah,5GJ3WaxTSlxDY3csctX20H
29,Jhol,4XTgFBxBHN6var1BzAgE1m
30,"Humdard (From ""Ek Villain"")",2PvaburAUlhNHxVhw5lvOq
31,Die With A Smile,2plbrEY59IikOBgBGLjaoe
32,Sajna,3uWQkslzoaKzbtOAjQxWNr
33,"Sajni (From ""Laapataa Ladies"")",5zCnGtCl5Ac5zlFHXaZmhy
34,"Silsila - From ""Dhoom Dhaam""",4xvguqzwvStDijt0MyX927
35,Tik Tik,0zXIZ3cuzZmfd1bS6cVNbY
36,Pehle Bhi Main,7yDHHVKLbvDmVw1XXhDDIO
37,"Ishq - From ""Lost;Found""",7hDoxkN20lLb06zifzYnD2
38,"Ishq Mein (From ""Nadaaniyan"")",4jigZPtP8wuNy2vnQw7dUn
39,Tere Liye,0fCQRUbk8LIQTdQYGNtGyv
40,"Khamoshiyan (From ""Khamoshiyan"")",5Gy67YHzPZTk9Q0D73LAGH
41,"Bijliaan (From ""Badnaam"")",2jF2LdO4oB5nsj4Ylxwsoo
42,Phir Bhi Tumko Chaahunga,1fcCPXmH4vUzG6UQTTjZp5
43,Hona Tha Pyar,0KSOLEBixnBYIKNHF1VbzF
44,Jeena Jeena,2GXXZFUxYg2LvG8SR0byOE
45,Sajna Ve,5uVdnHJtxvpy3BSmoxV5Kn
46,"Mann Bharryaa 2.0 (From ""Shershaah"")",3jf5303mzzJ96O8xFTcEn4
47,Kabira,4bD9z9qa4qg9BhryvYWB7c
48,Ahista Ahista,1LFNOKVaFVBFCiLwz8Ay4O
49,Hasi - Male Version,32765xcLM1fd6wQIpkN9A0
50,AANKH,1EZzUDV9IdzLVgmz7v86nx
51,Tu hai kahan,4VhqKzBeAlhTjLYZr0oJx8
52,Pehla Nasha 2.0,2p5ETiuOn33KxupCfJyXLi
53,"Kaise Hua (From ""Kabir Singh"")",1y1rQTkWmrZdJmjwuK07GC
54,Sajda Ve,0dWBUbFqIf6ekpM6PbAFxb
55,"Bolna (From ""Kapoor & Sons (Since 1921)"")",3GrCQPpKqKzOcKfMAoqn82
56,Chhoti Baatein,6j0Z1rhxDj3rqIgEqnauEW
57,Samjhawan,4LO5DjN6Tp3UkUvgESuy2t
58,Guilt,78emhRyRnA9c0LDxuPgMqq
59,"Tere Hawaale (From ""Laal Singh Chaddha"")",4blqlsA1uf2d2I40E90EUC
60,High On You,2eqUVYJVnlDs8PgOtuOlJm
61,Tum Hi Ho,56zZ48jdyY2oDXHVnwg5Di
62,Burai,352J3OFiN2LVvdxKWp8fIt
63,"Ranjha (From ""Shershaah"")",72zHuDxFQTjbL51qJQSA7j
64,"O Bedardeya (From ""Tu Jhoothi Main Makkaar"")",0czcoKJbJt08NqKrvSbbz7
65,Dooron Dooron - Unplugged,4PyN1rUjh0xRWqVZ1mwn7l
66,Baarishein,3WLJ7D5kh44K5eJ1NqZQ6W
67,Vekhan Nu,5xHj6H5slknXw3Mb5A2VUy
68,Starboy,7MXVkk9YMctZqd1Srtv4MB
69,Cry For Me,3AWDeHLc88XogCaCnZQLVI
70,Humsafar,6TFESXMfJJWwccviaxGAMa
71,Dil Tujhpe Aa Gaya,6asiUNa2vpWBosW2eqEQRn
72,Pani Da Rang - Male Vocals,4kaLkst9lT3sQ5Crgxs3ic
73,Sahiba,4ulroyDK6rN73nVkCkWhur
74,"Bandeya - From ""Dil Juunglee""",6gwnKOvdBKkTU4CQ7KpIAu
75,La La La,49KgyOphHcrubDxA3PaO55
76,Main Dhoondne Ko Zamaane Mein,75p6BrziB5urmwPCeXl3y7
77,Tareefan,0l5AEvAttdqu2SfVO5ISaV
78,"Saware (From ""Phantom"")",2y0hUGvHaKm2p5xmJF4HBe
79,"Gori Hai Kalaiyan - From ""Mere Husband Ki Biwi""",2vCm8wo8NPlCRrqSGo8PTt
80,Mehrama,6cUOiOY5qh2FpIQWIYAd2h
81,Banjaara,4eFnk661RcdOuH9ajiTO3j
82,"Tujhe Kitna Chahne Lage (From ""Kabir Singh"")",2Fv2injs4qAm8mJBGaxVKU
83,"Bekhayali (From ""Kabir Singh"")",1feANd8EfcDP5UqSvbheM3
84,Soch Na Sake,6mTvwBzWTGDOVeCNQEqtOE
85,Aa Zara,0MoRzKAl00iGQVOfUhmAUJ
86,Hawa Banke,1L3Nsi7YXtBxTdnbqektia
87,Channa,03TkoJA692GayJ4seZUX4O
88,Kalank - Title Track,7G5wpuR61ABrT7R1snos7C
89,Socha Nahi,3Wu1fRT9bzFPeXyMIfJycb
90,"Phir Mohabbat (From ""Murder 2"")",4RCd3Gdtt3dNedof64hqRD
91,Jhol,4XTgFBxBHN6var1BzAgE1m
92,Ojhal,5SXMURHNvgG2GzdkBqFCEw
93,Galliyan,3ySVdXje5nm31d7vL3jNV3
94,Naina,7w5Je2ouh5Zxp5nfaGitvy
95,Die With A Smile,2plbrEY59IikOBgBGLjaoe
96,"Thodi Jagah (From ""Marjaavaan"")",3f0wz6zcA7XkQiGm0qNF5r
97,Stay,5qMKcWk6Lcuz0t3R9Ed1NO
98,Kahani Suno 2.0,4VsP4Dm8gsibRxB5I2hEkw
99,Choo Lo,0rlLBWFFTQiOWi963SH9bb
100,"Ishq Mein (From ""Nadaaniyan"")",4jigZPtP8wuNy2vnQw7dUn
101,Mujhe Peene Do,3FbZoPzEaUBOD84l1FwFEH
102,Beeti Baatien,6REYDIIE9ilzrOQf48za3h
103,Judaai,2MsGTWvf7dcjKbI0WTq6Pz
104,Top G,0lZkllHCEw17P8ZHKIRXk1
105,Zara Sa,18YHbIhrleUkKKj2DvEp79
106,Lor Lor,0UVcAOt6NMxYQ24zD66XKk
107,Bin Tere,3bZPdEskcnMdepwCaDSJRl
108,Mitwa,4BTPzhEsyW3blWcxcuhLM0
109,Pal,5G7pZ8G8NFvS1MQ9H4L7dC
110,Noor E Khuda,55fSZWdcvMPJga3LbiV8jN
111,If You Ask Me,679w0ZQoje7bGPUu8LqMNc
112,"Tera Ban Jaunga (From ""Kabir Singh"")",4OcvkkpF3xmyCGGY5IBlgi
113,Espresso,2qSkIjg1o9h3YT9RAgYN75
114,Channa Mereya,0H2iJVgorRR0ZFgRqGUjUM
115,O Re Piya,7cWnks0lsRtpAi87COOiXK
116,Tu Aake Dekhle,0yCWDaAgOtg6TKlNCg9rwA
117,Asal Mein,0rMeOAvbQZ2RTG4B6L1M4p
118,Mujh Se Pehli Si Mohabbat,3ZIFPNzFxJxD4trmWdWScK
119,Jaanay Iss Dil,26qEGHtclfxUIWGQwB8y5a
120,Hasta Hua Noorani Chehra - Qawwali Version,7E1wurJVXE8v8AiWSFMVae
121,Teri Fariyad,369oZK7hzwq2wHzRWzs9xh
122,"Ankhain - Original Soundtrack From ""Kabli Pulao""",1XLESnEASChQ5309K0dknK
123,Gulon Main Rang,7J4UCQmUq4T5vzMmvE2NAq
124,Voh Tere Mere Ishq Ka,5fVwRMlelIipvVLcZQnzYs
125,Dhondo Ge Agar Mulko,2G0AtYl64C5a872pDWVKw4
126,Gulon Me Rung Bhare,2Ab9Qjm9J8vGJICjDbq17f
127,Wada Shikan,5mM2bFu4a3TUf12nFIkY0o
128,Mujhe Tum Nazar Se,6tRjQwbgoZBBPUWUO0dbjT
129,Laiyan Laiyan,45vvC6Ce1SIsQUNQOhehhC
130,Rafta Rafta Woh Meri Hasti Ka Saman Ho Gaye,6GdajL7Wy76jkC7QziZ1At
131,"Hothon Se Chhu Lo Tum - From ""Prem Geet""",4mBmsPcPa1Eu4LDTHq55Ab
132,Hoshwalon Ko Khabar Kya,5NbR7c5zrOZN3Dje3JVJEN
133,Aise Kyun - Ghazal Version,2wDsZgFps34cgGMiYeeszB
134,Aaoge Jab Tum,3fWMFwaJil8fD14JCgwbcL
135,Bade Achhe Lagte Hain,6MZCYPT3hZPzwJGLnXn1RF
136,Phir Le Aya Dil - Reprise,7fpWJr5shT90KiCHXKHxch
137,Gali Mein Chand - Happy,38wTTpiltGsXGslrWMVmbw
138,Ranjish Hi Sahi,4t2sMBajRuSKudtieXPgPp
139,Afreen Afreen (Coke Studio Season 9),7pBcon5GqvUfn58HRfF8wv
140,Chan Kithan,3DJVLBNKQi8fzhTWFxAzS6
141,Chaap Tilak,2mVqfKbKGmxVXlVswhlI5T
142,Aaj Jane Ki Zid Na Karo - Coke Studio Season 8,6XpEgDZ1YmbzpLECDE59AA
143,Jahan Mein Aesa Kaun Hai,1bCe5TnMj6g8dl3Gbril78
144,Kali Kali Zulfon Ke,2kT3iaXNyWpLzIx1DmUsDF
145,"Rafta Rafta Woh Meri Hasti Ka (From ""Zeenat"")",2CWKnKg2zzXI6wfsH2dTDE
146,"Hothon Se Chhu Lo Tum - From ""Prem Geet""",4mBmsPcPa1Eu4LDTHq55Ab
147,Hoshwalon Ko Khabar Kya,5NbR7c5zrOZN3Dje3JVJEN
148,Kal Chaudhvin Ki Raat Thi,72lVn67bCaZLJmw5XsPOBn
149,"Chhu Kar Mere Manko - From ""Yaarana""",1XiglL7TPZljvmn3HWmB23
150,"Pal Pal Dil Ke Paas - From ""Blackmail""",71j40GUuIgwpEGmoupat2O
151,Tum Ko Dekha To Yeh Khayal Aaya,66KBRmenGEJkTKtbTWl7tS
152,Aise Kyun - Ghazal Version,2wDsZgFps34cgGMiYeeszB
153,Aa Chal Ke Tujhe,53keqrDTkt1GE9hJgUoql4
154,Jane Kahan Mera Jigar Gaya Ji,086QwUtJ8RkXkpiyPEpPPO
155,"Tera Mujhse - From ""Aa Gale Lag Jaa""",4wctbqwSUOLtG7LEVQ9try
156,Ek Ajnabee Haseena Se,1mPNK9DQVA7gJNtJ20PZu3
157,Hai Apna Dil To Aawara (Happy),5LrCiTYu4iTjgUXM758Igj
158,Meri Bheegi Bheegi Si,66pgL55KG00oTsxzTw7tBE
159,Abhi Na Jao Chhod Kar,5J5h8d9wvvdHQNnuF4rkPJ
160,Aaoge Jab Tum,3fWMFwaJil8fD14JCgwbcL
161,Phir Le Aya Dil - Reprise,7fpWJr5shT90KiCHXKHxch
162,Aap Ki Ankhon Mein Kuch,2hWUcbgPqVsvsgHMWEvSUe
163,Bade Achhe Lagte Hain,6MZCYPT3hZPzwJGLnXn1RF
164,"Pal Pal Dil Ke Paas - From ""Blackmail""",6sF70gMVf9jg8QEogyVqBl
165,Oh Hansini,3ZBD7wbqeUe3Iuw4ltmtzo
166,Achha To Hum Chalte Hain,4oqHIGO83H3Al8bxCEXgqI
167,Kabhi Kabhi Mere Dil Mein Duet,46bHffIYlRKDZJG1Wbv8vi
168,Jhuki Jhuki Si Nazar,52Af7bUm7zfhQ8qgWWEDMF
169,Rimjhim Gire Sawan,5P49QyK81dOSc3W7iWDlAT
170,Dil Ka Bhanwar Kare Pukar,6KJaCEYzinSrxwNHsa8Bs0
171,Gali Mein Chand - Happy,38wTTpiltGsXGslrWMVmbw
172,"Chhu Kar Mere Manko - From ""Yaarana""",4TimJMbd97nFu5wW9DJXQ9
173,Ve Kamleya - Asees Version,0t13TDloNQhmFFLOa4bMhs
174,Teri Jhuki Nazar,3beYHVCFKzbdNjJqjKeYpM
175,Hona Tha Pyar,0KSOLEBixnBYIKNHF1VbzF
176,Haaye Oye (feat. Ash King),0oukMLKedsqQ3ltnI2daRO
177,Until I Found You (with Em Beihold) - Em Beihold Version,1Y3LN4zO1Edc2EluIoSPJN
178,Heeriye (feat. Arijit Singh),5PUXKVVVQ74C3gl5vKy9Li
179,Aap Ki Nazron Ne Samjha,6BHcSsU2oBdIwh99FejTzy
180,Zaroori Tha,0JChw6k59cZxegh0SGceE1
181,Bhula Dunga,7pmY8QjqZP8GRV6qBRpheu
182,Tera Rastaa Chhodoon Na,7cLGKaJXLFpUU7Up34vVr1
183,Hardum Humdum,6hVq4MGBhPIniEmpGbJIWR
184,Kuch To Hai,0uFosRhSqfxPxYhn6TWRpC
185,Tere Liye,0xlWd9o8yjKpJ02WJy79kZ
186,Ishq Bulaava,1fkjRQA8wXPPyxqYLbxuqy
187,Mere Rashke Qamar,4sNiMTu47WkUgW87qeUlWF
188,Kesariya,4UMIv5jd9gK98a39BQRD9X
189,Ik Lamha,3foRjN56V1B3ihuiXq0a57
190,"Rishte Naate - From ""De Dana Dan""",6alUOXeJ3T6vi8dkN8QSbi
191,Main Agar Kahoon,3WVHfTd7xz9VPYJQFpOp8j
192,"Ek Din Aap (From ""Yes Boss"")",7dbO1k9ryxPFJG0fvYBffu
193,Tera Ghata,0JBhoxPKHJc1ZeJrjSt0VO
194,Rabba Main Toh Mar Gaya Oye,5xRci5qoXzzJgR6ZwzXO2J
195,Surili Akhiyon Wale,1la0ICQBLfO0lyqsWNwG7l
196,Such Keh Raha Hai,5WGA59EdYqKdLkO4FDH17d
197,Lut Gaye,2rU33n6Fhd6G1MzYhUj6C5
198,Nazm Nazm,1tCduDqB3J8r90FAxprLzO
199,"Tu Hi Meri Shab Hai - From ""Gangster""",1ufeADg0jivKpOFiAv3PYg
200,Bulleya,3tgdOveYac7YMEAQD9sGLf
201,tere bina,6N5WkgPIDoTdbCXyyIIKAv
202,Tujhe Bhula Diya,4r8JqkhpTb5tzSKKHnVJIJ
203,Tu Mileya,7glqjOAauUoPmOXp2Ovpcf
204,"O Bedardeya (From ""Tu Jhoothi Main Makkaar"")",0czcoKJbJt08NqKrvSbbz7
205,Dariya,4ulISxSlTF9LXHs9dir9Z1
206,Samjhawan,0rk2X5TAhraBC5aCIXK2Rq
207,Zara Sa - Lofi Flip,7hXg2BGwoizrsurRwxBTJp
208,Doobey,7k6QR9YHyW258yVN6FHO1T
209,Zara Sa,18YHbIhrleUkKKj2DvEp79
210,Mitti Di Khushboo,7tp4iYvcZksGp1u7feUrrO
211,Mareez - E - Ishq,2HqSND303T7sT0wOPj3K3C
212,Zara Zara,5gUuhtkbrISUIlqjD3oYgv
213,Saibo - Lofi Flip,1E16f7KcZmuXuhlenRwA2m
214,Pee Loon,52itZ0w0CydihB2JCZEIft
215,"Humraah (From ""Malang - Unleash The Madness"")",4xmkpE1Si5JL7NFxWrhV0S
216,Heer Ranjha,3wwLWFRLiReDf5AqgmAJwT
217,"Kinna Sona (From ""Marjaavaan"")",01AE1MgL6L86WQzh4KGDUa
218,Kali Kali Zulfon Ke (Lo-Fi),3mUkVsovIuscQlSoMhmAZt
219,Tu Hi Haqeeqat,3OLFqbd9ZeVjaUKTiaLsD6
220,Dheere Dheere,4fyR24BKznXBLNkK8LwWla
221,Dil Kya Kare,648GXyKI62FhbeBq0levWr
222,"Dil Se Dil Tak (From ""Bawaal"")",1kTEGyqUJFgstwdgJFLqz1
223,Mi Amor,24MMjyA3NLqCsDJfsn51eg
224,Kala Chashma,6mdLX10dvBb7rGYbMXpKzz
225,Suit Suit,5Nd4DTIDWYkkZfi1NpgvJk
226,Levitating (feat. DaBaby),5nujrmhLynf4yMoMtj8AQF
227,Intentions (feat. Quavo),4umIPjkehX1r7uhmGvXiSV
228,Daaru Desi,5pAo2q7eVt65OSkwYgqhHl
229,Hips Don't Lie (feat. Wyclef Jean),3ZFTkvIE7kyPt6Nu3PEa7V
230,Girls Like You (feat. Cardi B) - Cardi B Version,7fa9MBXhVfQ8P8Df9OEbD8
231,Summer High,1aL9518P5G72N92b48tuKw
232,Demons,5qaEfEh1AtSdrdrByCP7qR
233,Señorita,0TK2YIli7K1leLovkQiNik
234,Baby,6epn3r7S14KUqlReYr77hA
235,Believer,0pqnGHJpmpxLKifKRmU6WP
236,Savage Love (Laxed - Siren Beat),1xQ6trAsedVPCdbtDAmk0c
237,There's Nothing Holdin' Me Back,79cuOz3SPQTuFrp8WgftAu
238,Sugar,2iuZJX9X9P0GKaE93xcPjk
239,On My Way,3BomnHfqKZCdPJC9bkGBjE
240,Illegal Weapon 2.0,7CY0CmCpSglfUKCBOOiRfw
241,Jalebi Baby (Tesher x Jason Derulo),6FvSS3Goz7OC8oCC2eWqe8
242,"Hauli Hauli (From ""De De Pyaar De"")",60XrRbNjDMAGUZ2xLkU9W3
243,Dum Dum,788Lp6lHrCrxJAZvS2l9YZ
244,Chaleya,3xMHXmedL5Rvfxmiar9Ryv
245,Lemonade,3ZGJhN4unVspOqpwGvUL2W
246,White Brown Black,3nKQrVVlwbAQSnFbgZWdN0
247,Obsessed,6Z4rRhYZVQsYKmrxD40tru
248,9:45,6c4Po8zyQjB4cR5XgLhcGb
249,Daku,3wz2vWhYnnBoFmgMkqtzLy
250,Sadqay,2lX53kXvYnvpV8Vqfe4S7s
251,"Main Parwaana - From ""Pippa""",00IBeiKNG6sFuK2QkQbhNo
252,Softly,0YQJoDL6f46J0n1rOVkpxJ
253,Jhoom,3YUQ5J2KaU9GnsNTGutOlk
254,Softly,0YQJoDL6f46J0n1rOVkpxJ
255,Easy Start,6LulTq4JpYyRqNm2rHyjtc
256,Stepping Up,5ZSgkUhKDLAml14RG1EK5p
257,Main Character Moment,4uIO3r83oZDoJyEblc4fRJ
258,Progress,7gbRO33XRdKgplOdCiOICv
259,Upping The Pace,5JVpoEiZB5joEadbnU3LyZ
260,Teamwork,3J3v1YABIvRi5Lgn79MGJR
261,Your Time To Shine,5AvAzWU6BZVIB5We65KOps
262,No Sweat,4H4ZTWMQMYBFtmxAAdBUPm
263,I've Got This,7rntrnOb3zA6kdizop4lYK
264,Moving Up,0vSSSTImpIDnsVPxuLeiI8
265,In Passing,2c3J4p7qSPUW81D87RfR3P
266,Trying It Out,6wMNMoLOIGlv8pUByTRkNW
267,Up and Running,64XXnp68mT43N2JYMZszuL
268,Finding the Rhythm,7i6ACyq8Dab2p4qnpA88wv
269,Along the Way,6rdudGVRkNRJOeViFP3y9L
270,Up to the Task,529l7ks0muYXJrh2vOIYsX
271,Getting Into It,50D1ZrBGz3vopL51UMKcKi
272,Let's Do This,76LPRxbfHyq2mhZBWuPHsV
273,Make Light Work,3iukWRqRWEPeSe47MKU4DA
274,Setting In Motion,4InSRsGD6t9nqcsHX7xnRP
275,Soft Spur,4bMufkzOc9vQYxkki1oD6F
276,Side to Side,0PtzCFl3NwU2o4UQ3l8EcB
277,In It Together,4Mi0I7Xd5E7yviQzdLDAbi
278,Seeing It Through,3R4cokb4ngVM7pvDzUb5cG
279,Test of the Mettle,1hqDAFZywOrvE07ASlJE4J
280,A Little Encouragement,4QeYAuZULJ6tCg8be4RlSw
281,Full Inhale,0EG1gGgFiO6MP95kNcu132
282,Big Breath Out,21UL1fAG0toSpN2mv6XHxY
283,Mental Footing,137ZMBgzLTsZhVvnTs2W0d
284,Attuning the Mind,6CpkcZtYysFmRAwPAJqVw0
285,Phonk Focus Pt. 1 – Soundscape,39wWiiYjMzZVSdtHi3ukak
286,Phonk Focus Pt. 2 – Soundscape,4h5orfGt7NNvSPLgO8k6sL
287,Phonk Focus Pt. 3 – Soundscape,3aN1TXNhcoQvq1oy1VEoSd
288,Phonk Focus Pt. 4 – Soundscape,3nWOOr06MAw4hGk0Msqw3b
289,Phonk Focus Pt. 5 – Soundscape,6bay7YTS5dYxoZ0Soehh3r
290,Phonk Focus Pt. 6 – Soundscape,26pvpYgyPAUrKXBGMR02yF
291,Phonk Focus Pt. 7 – Soundscape,12M8gR1J9FuWCQlmcqd65Q
292,Phonk Focus Pt. 8 – Soundscape,7il2FLrP5gBl6nixyJ5bgB
293,Phonk Focus Pt. 9 – Soundscape,0ITNx4FPjj3Fm7BsZHbdj2
294,Phonk Focus Pt. 10 – Soundscape,36IlaUZSI8lLAsPsWZTdha
295,Phonk Focus Pt. 11 – Soundscape,4AOoE1dY0yMH7DPPw1T2bb
296,Phonk Focus Pt. 12 – Soundscape,7y1Hmj0nvowD0p514llE51
297,Phonk Focus Pt. 13 – Soundscape,2jAJhgbGTxf0zfIdxRuEmY
298,Phonk Focus Pt. 14 – Soundscape,3zpJtl85BvPd0iu187TPqa
299,Phonk Focus Pt. 15 – Soundscape,5segpnoTOGBu8bfEm5sUEY
300,Phonk Focus Pt. 16 – Soundscape,5urvq8CEKZrTJPnJMdwpyk
301,Digital Flow Pt. 5 – Soundscape,2pb8Cm9PF3x9glGyRQC6WE
302,Digital Flow Pt. 6 – Soundscape,1GOCYNX98hILxj6Uwrhhn2
303,Digital Flow Pt. 7 – Soundscape,32Aj928nwvyNhtkZzSQMOA
304,Digital Flow Pt. 8 – Soundscape,4UhSASBsZ9aPqkishFpCrD
305,Digital Flow Pt. 9 – Soundscape,5nNZP1KTSu50sKaDAWG5MB
306,Digital Flow Pt. 10 – Soundscape,1w8QgY614ycJZHmwB3QUHd
307,Digital Flow Pt. 11 – Soundscape,3tIaTrAI9GSbdyKKqb9Yhd
308,Digital Flow Pt. 12 – Soundscape,1odHWqAc8AIQ01SatYidRd
309,Digital Flow Pt. 13 – Soundscape,5bjucl1NKcmIwebHQkcE3f
310,Digital Flow Pt. 14 – Soundscape,6AjIFhSw7BHSS4eKwkmQL1
311,Digital Flow Pt. 15 – Soundscape,1SbF1QjepAIWLmbHpa9pJ0
312,Digital Flow Pt. 16 – Soundscape,71lABInhEGhia0Sy9BTBUy
313,Maximum Energy,5lOR2UoLMN0tSKiNZ1Xv8o
314,Give It Everything,12XNQ30yPfMHhUcNLzKZ5B
315,Supersonic,6JveYVOlBm7n9MDNTPLsPE
316,Magma Power,6E0CMVJQbWrJ4ElTeE9rUK
317,Adrenal,72LzN0dFZEt5sB8gRfBnhf
318,Excessive Force,4Dgm03rVnBueLBqLEPveS0
319,One More Rep,3lM99y8YBSz1Pi7NVX2d2U
320,Driven Beyond,4vE4rC3jx8zhGkX2ezqavh
321,Whoosh,5pQBTgoq1H3hCbOhit9zED
322,Powerful Being,7yvKKugYSoC4ug6NCWRLnc
323,Zap Zap Zap,6JkOT312mVqJblmN9P1eSa
324,Positivity Recharge Stations,3hTP8JeFz3XzYzDepA4kto
325,Competitive Spirit,6Z2PnwfY1RxaKpW0b6L8l2
326,Further and Further,4bjrI4rom2hCpv6BliN0K3
327,Overdrive,06zOQ9vkn74DBk1b9PpIuw
328,Sideline Cheering,3g68J9CztIGXDmxYROc7ha
329,Max It Out,4nyVYuJImCQUZGOVOmCM3o
330,Determination,3qOHhrOenhBPW3MAG5LFZl
331,Heating Up,6bVeO6e0EzHIDD3px9FcCK
332,Rushing,4Fhv95IFwczgXZQMyu7D37
333,Testing Iron,0cqdUcKciP1RhAKG0XkehH
334,Killing Me Softly With His Song (Focus 1) - Soundscape,4us0t0EHrmkAF2TscnipDp
335,Killing Me Softly With His Song (Focus 2) - Soundscape,7FVwe4zwqFRTUwekFfJ2cv
336,Killing Me Softly With His Song (Focus 3) - Soundscape,3gPqmELozKCgIkcXpYCTt5
337,Killing Me Softly With His Song (Focus 4) - Soundscape,5BQruIv1BWVpJJUx3OkchJ
338,Killing Me Softly With His Song (Focus 5) - Soundscape,6thHLfYlmTdEEepDTFZ99h
339,Grit,6OBGVoj6zJnxjUEvzcaocs
340,Dust It Off,0Ks5cCS7ULJr8yTAJrXtlE
341,Pushback,4l86HDfc7jnRxxpFPIp2v1
342,Heavy Noise,2Ki7W66cKKgPya8YnXIMI6
343,Sheer Will,1x6HZ8pQKtvP7Dyk0ExlCv
344,Vibrance,3UKBMeYXrOP1QGXJ5SK2i6
345,Harder Movement,2SUPkikMisIsuXdWDrO3XM
346,Endurance,3dXKhajphQmBNte8IOD2Q5
347,Preparation,638ko1nUasGG04qF1ewoeJ
348,Flow State,78cl2Kn1odxGsUnjTCuAut
349,Canter,325VFb4uqIHqhWoCJrHj30
350,Joyful Trot,3G3iaOWqxkvp1QWiaJguRZ
351,Capillary Flush,3YwTcUK7Livhu4vqUqTHNe
352,Sprint Prep,3hdfCuASwoetqWLlsLnimL
353,Comfortable in the Uncomfortable,62ni4D8fUBbjCnrJtaN1vj
354,Post Warm-Up,5cbk4u6qMbAqrX3uckR1U0
355,Tera Deedar Hua,0d1JQdBaeetUo8xAiKCT3C
356,Tu Hi Mera,1CVqr5LImdmJ1Upt4z08Pm
357,Teri Jhuki Nazar,3beYHVCFKzbdNjJqjKeYpM
358,Pee Loon,52itZ0w0CydihB2JCZEIft
359,Ishq Sufiyana (Male),5zcfnScTSFGCHGY1yeXWke
360,Ye Tune Kya Kiya,2cPUB8EOT6AfJ8oxhyoNXL
361,Mareez - E - Ishq,2HqSND303T7sT0wOPj3K3C
362,Rabba Main Toh Mar Gaya Oye,5xRci5qoXzzJgR6ZwzXO2J
363,Khudaya Khair,2XYyriLyJSuGj4FN7QoNmM
364,Tere Sang Yaara,6LoKHUJWM3qxHWL5wQOuss
365,"Ajj Din Chadheya (From ""Love Aaj Kal "")",6lHBOxVVbjkmByOjHRC2bA
366,Saudebazi (Encore),1tPPINau3vBP8Q89JTn0ER
367,Deewana Kar Raha Hai,2tva3nN2kQhBjHMC7Zlty6
368,Laal Ishq,5OrwxmwjaO9p2iyF8BXyRj
369,Ang Laga De,6oIAgw88uu43Pe5rdD1pj0
370,Subhanallah,0GQngE2rOYvlKwEQjTAsP8
371,Tujhko Jo Paaya,62kyw2ux2p0CZ7pKWtM6QO
372,Baarish,6ABHr8kYCws5z6gC9Lwith
373,"Tu Zaroori (From ""Zid"")",0JJjxzyDzlSh4hbZvtvqVl
374,Bheegey Hont,2GhIleCFsmI6WU8BDG1UAv
375,Be Intehaan,6g0HHWLJwfe2PlbgHi8pBj
376,Muskaanein Jhooti Hai,6LX6modQsxnBouh7yZT6qx
377,Humsafar,6TFESXMfJJWwccviaxGAMa
378,Tum Tak,1wnozUBSe7OMpmZiTPJC5j
379,Aaj Jane Ki Zid Na Karo,10xpoX1VRYvPz9KwKtKbX4
380,"Pani Da Rang Male (From ""Vicky Donor"")",6eTPyEkYUmDUFvNxJdNuOD
381,Tujhe Sochta Hoon,47l2Dd3XPBLio3kjbEMyDJ
382,Tera Hone Laga Hoon,0dLbrlAVPPjpPqnYfmJsWk
383,Saibo,6udC4b4jOSnHb9ItnXgKLR
384,Tum Jo Aaye,2iZeKe5avjtKVmjfSFkpxd
385,"Itni Si Baat Hain (From ""Azhar"")",4OEBP1iwGmLtcM8UKRLm80
386,Piya O Re Piya,5a11x5PUFvJEadMRqtNtTr
387,Tu Jaane Na,4iFPsNzNV7V9KJgcOX7TEO
388,"Love Me Thoda Aur (From ""Yaariyan"")",5HY1pCLXAlq5A0G6WR5vvS
389,Dil Ibaadat,3Kl8p2PxVf8eAayLwTxOIm
390,"Mast Magan (From ""2 States"")",4wIWWEhbdgKAxhR68eE0Ye
391,Sawaar Loon,29YePgOxuPLfU7uZKxKf6w
392,Dooriyan,5F79ZdjOwGOhUKRHx94sr1
393,Aao Milo Chalo,6ocOeSjnWPcSTaSsi0zIdY
394,Main Rang Sharbaton Ka,1yYM7dY6wSJFp5qmxPRLu1
395,Tum Mile,1EjxJHY9A6LMOlvyZdwDly
396,"Soniyo (From ""RAAZ - The Mystery Continues"")",71TviT2jdZnp2758ljwREX
397,Khuda Jaane,0gPgdRfB4jdGrlyXS0Vx78
398,Tum Se Hi,7eQl3Yqv35ioqUfveKHitE
399,"Bheegi Si Bhaagi Si (From ""Raajneeti"")",5ecrmd9bRGk3JoYi5Y4yPL
400,Mere Bina,4rSmmC6OYmjVOYxr8ruVWN
401,I Love You,5bHDGWyIFML1LYXZWTD5MF
402,Sajde,4N66qcycDiFLJGjnXiKbKX
403,Ishq Bulaava,1fkjRQA8wXPPyxqYLbxuqy
404,"Tose Naina (From ""Mickey Virus)",2fMlezwwP5Hr1UwuAknN4o
405,Raabta,6FjbAnaPRPwiP3sciEYctO
406,Surili Akhiyon Wale,1la0ICQBLfO0lyqsWNwG7l
407,Rang Jo Lagyo,6q4GmJDbiZ7viOqLHP76cs
408,"Ajab Si (From ""Om Shanti Om"")",2RgvvnMwtP0R2OkVZmFvnV
409,Raabta (Kehte Hain Khuda Ne),11PgL2XjsTBszhAPqttBJS
410,"Darkhaast (feat. Arijit Singh, Sunidhi Chauhan)",1awtp7rf6ajhGY9BgzCHeZ
411,Maula Maula,5vIcQqiYz1aONkqntTAUTl
412,Jo Tu Na Mila,6DefzsWqnwrFrmNVnJxWkS
413,Atif Arijit Mashup,415bLNq9vgh9czAzM0dd4N
414,Ishq Bulaava,1fkjRQA8wXPPyxqYLbxuqy
415,Pal,5G7pZ8G8NFvS1MQ9H4L7dC
416,Double Addi (feat. Dj Ice & 2 Nyce),39ziEjZkY05r4uVb9rjd1p
417,Kya Baat Ay,1ZaeaGLhFSckG8sv1y7AWk
418,Jaani Tera Naa,0LZA36VEmc6n0Y7X29zIgE
419,Aya Lariye (Jawani Phir Nahi Ani 2),580JEIjthsPjqBDn5D56Su
420,"Chogada (From ""Loveyatri"")",4ymPEyiXabTe1NO8q8EFxG
421,"Tera Hua (From ""Loveyatri"")",3zqFsowz5iGbYIxZW5KlKw
422,"Akh Lad Jaave (From ""Loveyatri"")",554Jv8PaaIVAwOOpoJ4YCm
423,The Humma Song,7heMX7gyHP0mhTlNgd7Lxd
424,Suit Suit,2pAP7p17mLPaMiFSSHDMrp
425,"High Rated Gabru (From ""Nawabzaade"")",1ozrNv9W4KlprAmvgH0Yrq
426,High Rated Gabru,60uVumQU74E83X5dbLHKhN
427,"Lahore (From ""Lahore"")",1YjFYdHBkZGsD84IC8CCR8
428,"Suit (From ""Suit"")",4Z0DURnfPjo7boKPJCZCpv
429,"Ishare Tere (From ""Ishare Tere"")",32p7b1fTx2MoXCQ1mViTOw
430,"Patola (From ""Blackmail"")",5DwbQ7y54P6WQEvmkU3flV
431,Daru Badnaam,2TzyJEUfWHGRsk3r6Emvbk
432,"Aankh Marey (From ""Simmba"")",63MvWd6T6yoS7h4AJ4Hjrm
433,Aaya Na Tu,3T0oPETOdddxJ2xTt2qJe4
434,"Hawayein (From ""Jab Harry Met Sejal"")",6871FKHumiy1Wfr6vF7Xxt
435,"Tera Fitoor - From ""Genius""",68nqVf3mY2aReIVN6xXavH
436,"Dil Meri Na Sune - From ""Genius""",32U9ww7KNPqbNhiFOr7hQ5
437,Suit Suit,2mwBSO58y92EYmEFpDfmS7
438,Khaani OST,4jYPMqZdVbWjddw3wkzYwY
439,Paniyon Sa,2si0ZNx4yRbggTvrIom8A2
440,Proper Patola,39ujbBjTwwqUFySaCYDMMT
441,Ishare Tere,0qeGjhiTk5xg4OcRUejXPs
442,Illegal Weapon,3Oe3VdPn6rAueriQvFhCBA
443,Adhi Adhi Raat,1eHQw3b3um0TzAPb9ypHbn
444,Let's Nacho,4mQpBIJKBpd8lcrtZ73SP8
445,Coca Cola Tu,6okS55W5vZI2m6dcgtcHIG
446,Arijit Singh Mashup (By DJ Paroma),5Ox43gIWUNW6pAgx3F3oi7
447,"Loveyatri Mashup(Remix By Lijo George,Dj Chetas)",14jSfsXObzCumwn8wX9amf
448,Atif Mashup,4AS0QoeIxgKqUuecAnjdIX
449,"Dekhte Dekhte (From ""Batti Gul Meter Chalu"")",0Iz4CkptElGHo16r797Jsb
450,O Saathi,6fScgF2Y63ScU73nYju0ny
451,Tera Yaar Hoon Main,4ZTx87kAgEwlPMzoojFZWg
452,"Roke Na Ruke Naina (From ""Badrinath Ki Dulhania"")",6jzUvO5F2fnOvYqCTMd5U1
453,Tera Zikr,0OfaueVeRebAfWsAHajj3z
454,"Soch Na Sake (From ""Airlift"")",37NCZDUsrHTH3cBC5713Yg
455,"Gerua (From ""Dilwale"")",0AxJl3J0idAYqxZtgICDPC
456,"Bolna (From ""Kapoor & Sons (Since 1921)"")",3GrCQPpKqKzOcKfMAoqn82
457,Janam Janam,4km0RUkMMFdx8iDuq36o2w
458,"Sadqay Tumhare - From ""Sadqay Tumhare""",7hhlEgVDkCL548r7sZhbfV
459,Teri Jhuki Nazar,3beYHVCFKzbdNjJqjKeYpM
460,Soch Na Sake,6mTvwBzWTGDOVeCNQEqtOE
461,Tera Deedar Hua,0d1JQdBaeetUo8xAiKCT3C
462,Maahi,4bIQXffbALkCC0Xo6aTicP
463,Baarishein,4orEOb27nON0TWsHvlVAxb
464,"Bol Do Na Zara (From ""Azhar"")",3XQ15TDH5wMJMJr0X6u2Yc
465,Har zulm tera yaad hai,3lz869qyZcRBATTT6r4omU
466,Aaya Na Tu,3T0oPETOdddxJ2xTt2qJe4
467,"Tere Bin (From ""Simmba"")",4f5kLqyOJ5ZPnalEVMQrB2
468,"Duniyaa (From ""Luka Chuppi"")",2tjWCe2W7sgvS3C8NHcdtI
469,"Allah Duhai Hai (From ""Race 2"")",1gNNY8ovWmO5F6wWOjchWL
470,Lag Ja Gale,6gXmhXIZXx7LUeJhTPaEXm
471,Humsafar,6TFESXMfJJWwccviaxGAMa
472,Rabba Ho,2g4lgAkjuHim5WeGbcNuu4
473,Rab Nu,4tMXUeU9S7BF4Bi8WVpMyk
474,Kya Tu Ne Kbhi Socha,19JN9D53e68xo6c4WKvrKY
475,Tum Se,1NBBs5Ym76El2gojyE4EvP
476,Jo Tu Na Mila - Acoustic,0TyyNe2BGZ5UOUzSGT4pP2
477,Manaka Da Munda,1U3U2Rfrn0miwHS9zPTWrI
478,Kar Har Maidaan Fateh,7gZwhDmzciskHbZemjf931
479,Anaa OST,7wn7FIyldjncEKvtq7FkKr
480,Jo Bhi Main,2MmAYegcUty1DmG0Gw7AMh
481,Saadda Haq,7k3jpyYPnVnbO0p7iejWxL
482,Main Agar,45IVxWsY3y0wLLk77bZWlA
483,Dangal,7EpZ8kdKyQM4GMJy2tj0We
484,Dhaakad - Aamir Khan Version,72pSrRy4Avh8BiWMIbdZ8Z
485,"Itni Si Baat Hain (From ""Azhar"")",6W6fx8Mct5xH2M7g4cUT18
486,"Subha Hone Na De (From ""Desi Boyz"")",3GnAA2XSqqCKwEVviO6eel
487,"Kabira (From ""Yeh Jawaani Hai Deewani"")",4zGTqDGPwl9Gp9dpUAwMXd
488,"Badtameez Dil (From ""Yeh Jawaani Hai Deewani"")",176u5ZbJZUh1gCghYq5n8Q
489,Love Mera Hit Hit,2VgbvKdaSOXWByBKYgBsEc
490,Love Mera Hit Hit,2VgbvKdaSOXWByBKYgBsEc
491,No Make Up,0WXyJHcgaibGLH1xoiWDIa
492,Khair Mangdi,2r6BuZUXaAxsNLtEx9pGVF
493,Twinkle Twinkle,4YSMuA1t7SOC4OQRZ9XXPG
494,Ya Ali,1LJRNbwOZ9TopITPaWDbsr
495,Aap Ki Kashish,35Rrbt58ADLxyo1lu7xhZu
496,Hoor,0lrhextNGRUAfh2bOUQQR7
497,Valentine's Mashup 2019,1MhHomaXgrPMBroXkpWSSa
498,Dheeme Dheeme,4At0CnQes5Kx1ROSnnP4lK
499,Apun Bola,1uHd2tBRzotyWUS3iQeDN7
500,Humnava Mere,0loZn1c5heXie7OAtvK6nH
501,"Ghalat Fehmi - From ""Superstar""",5mnvugwfFYnJm9zuyGkgqF
502,Aap Baithe Hain Balin Peh Meri,1Umoxh3LB6j8PK67Lqn2MB
503,Baatein Ye Kabhi Na - Male,0PxMHdQ6bSz9q0eJj3kJzb
504,Yarri Yeah,2Cby9QLsraYQ5Thh7GbxIh
505,Jannat Se Aagay (Original Score),59AajlamWKV7MWXCtQHtId
506,Zindagi Awargi Hai Jhoom (Original Score),0KVeFvL98R2Ahop0JaszUg
507,Aye Mohabbat Ehraam-E-Junoon (Original Score),5mzU8i4tySqsBUKqvuq507
508,Ruposh (Original Score),7meDiw985bfLpu0pjqqzpg
509,Tere Naal - Aye Musht-E-Khaak (Original Score),58yladAk38qWf2CccQzgEt
510,Aye Musht-E-Khaak (Original Score),5TPb6bxAWsPxP0h8DgFI7l
511,Humraazi (Original Score),1oUqhAuvIEG8T9W8Mk2OVp
512,Sang-e-Mah - Original Soundtrack,4E4A3NKv7LOmi9LMwCBJFi
513,Dobara - Original Soundtrack,6j733ifShVLqDYOKyUgfb3
514,Alif (Original Score),7xGSwa9Y1ynisnNrC9IuMy
515,Parizaad - Original Soundtrack,7auhybIlVWILNTBqKrcXfl
516,Mushk,2r83dnQ5g2gwF87Tph6AF9
517,Ishq Hai (Original Score),5CkBVZoQVaI6P9CsoKmaGo
518,Saathiya - Ishq-e-Laa OST,7xFCepEt3ApcZg8XRi1xFZ
519,Sinf E Aahan (Original Score),3Gfvnw46UonMROBv2Bw7Z4
520,Alif (Original Score),7xGSwa9Y1ynisnNrC9IuMy
521,"Firaaq - From ""Firaaq""",1GIxr1htyfcAnFXOWDEEAq
522,Ibn-e-Hawwa - Original Soundtrack,6dqYG24LYjjTk7wFdsT5Hg
523,Khuda Aur Mohabbat (Original Score),7r0vc8YhfpwvAwUR4oqqXe
524,Badzaat (Original Score),55uEjKIOrDTWfPePY7eczK
525,Dil Moom Ka Dia,0G9qJd5acYuGqcY7qKIfbt
526,Shehnai (Original Score),00cMXSYF40yx4Ztwsl40gS
527,Kaho Ek Din,7usBgSnLH0yLUeSZAgSueF
528,SHAH JEEVAY (Celebrating A Decade Of Decadence),3zPFQ7DXmZ5RW22VgKJJpO
529,Fitoor (Original Score),5Au7wS1nvSdi1lNlPyRMbV
530,Do Bol,6nn8NQb1aB0nFPwRNyYVCP
531,Raaz-E-Ulfat (Original Score),0hFmCJJdB7vgCgkVbl7XVv
532,Yaariyan (Original Score),6r9zKdZmZICTLeLSNb4S6v
533,"Wo Humsafar Tha - From ""Humsafar""",2z8o3kYaRs2nZGxnZ691SJ
534,Pehli Si Muhabbat (Original Motion Picture Soundtrack),6okXGyZjrasNITqJbkgcEa
535,"Malaal E Yaar - From ""Malaal E Yaar""",7dD7itwx1o6gAq1qPaUGnT
536,Khuda Aur Mohabbat Season 2 (Original Score),1niziSxs9x1FSaW55nP9bW
537,"Yaar Ko Hamne Ja Baja Dekha - From ""Shehr E Zaat""",2btWot3zdYCFsbxnyW5gZX
538,Ehd E Wafa,4IerKuhlhshkAlK4XmKFy3
539,Ishq Zahe Naseeb,6g03DDBEMKQqb8aCpD0m3d
540,Khuda Or Muhabbat,6SdQzIvX9cqfxyhh5p9AS3
541,"Baaghi - From ""Baaghi""",21Gxk9fotyXuyOGDHORNZg
542,Anaa OST,3tC6I99nrl0O0pTZ41qArp
543,Bin Roye,6kiltqRgbCSzXmHFpNUoiK
544,Meri Zaat Zarra E Benishan (Original Score),4T9JN7LJ7ynUoH05mkEMAH
545,Suno Chanda - Original Soundtrack,2w2sQgvmP4o0cbVmsvi3QG
546,Chan Chariya,5p6IaXmi6srnPFBoWgoWTc
547,"Mann Mayal - From ""Mann Mayal""",3F2c3vXY4wrbi9xjgoQYuu
548,"Sajna Ve Sajna - From ""Udaari""",4SpIinYuQTz0bAKOTywjtz
549,Khaani (Original Score),6GLwofS4v102EXEhocu8GP
550,"Pyar Ke Sadqay - From ""Pyar Ke Sadqay""",57Vb28Iac2tldzfJ4H5YWg
551,"Diyar E Dil - From ""Diyar E Dil""",3hrUxw5iirKSWdtvslvQXV
552,"Sanam - From ""Sanam""",0PZnBr3gvX3t9V2uC3Y9Qv
553,"Yakeen Ka Safar - From ""Yakeen Ka Safar""",6G91BdJ4oFWzGRHF5lu4ud
554,Woh Aik Pal - From ''Woh Aik Pal'',0SSOnJCiT0a0KZUebsF97a
555,"Dil Banjaara - From ""Dil Banjaara""",3BTZH0E0K3VcvBOtlehuPg
556,"Dastaan - From ""Dastaan""",4yo8gPMMi9hQuNO6Sz4D1r
557,Sabaat,3bFhPweBKrnSJ9iqy2xn6O
558,Zehal E Miskeen,0sZsp4tuIhtZYKvVyM1fye
559,Dil Ruba,6xfly5hZnpbZCtHZKvFo03
560,Raqeeb Se - Original Soundtrack,6XU872IviDE6SrgV0uaVhw
561,Saaiyaan,46ALEYKiXK0zluns0uyNBY
562,Suno Chanda Season 2,7oUEPn4bbEMkjUdpWuRF7I
563,Zindagi Khaakh Na Thee,4GJwvyou9ivVHIkt6ZvDIL
564,Chan Kithan Guzari Ayee Raat Ve,34R0s38459esI39ISaTn9c
565,Laiyan Laiyan,2krfZfWT0es1YY2xE9hM0j
566,Sang E Mar Mar - From ''Sang E Mar Mar'',5rmFC9QBbM7fHQOGNCSLBJ
567,Meray Paas Tum Ho,1b4gksr8TMyoyFdwrmPSvY
568,Ghar Nari,2fbFFBqtQLAd8EmNzcu7jI
569,Hona Tha Pyar - Jhankar,1aecRYhH6E586sDMkTVflH
570,Sambhal Sambhal,6eODj9s2e3PTP3VNYoYKFb
571,"Khamoshi - From ""Khamoshi """,10N8FtJ3tsxEyWbJ6AkJ9j
572,Sang-e-Mah - Original Soundtrack,4E4A3NKv7LOmi9LMwCBJFi
573,"Sadqay Tumhare - From ""Sadqay Tumhare""",7hhlEgVDkCL548r7sZhbfV
574,"Alif Allah Aur Insaan - From ""Alif Allah Aur Insaan""",4NvEHYDTvfJ37oV6ahc7D9
575,Mere Humsafar (Original Score) [Male Version],3coPaPUclFBuSUXq9XClg4
576,Mere Humnasheen (Original Score),1mGxthwmL7pL3RsO5I3dSe
577,"Sanwal - From ""Raqs-e-Bismil""",0WDU5VIKpIAlOHjtoFwnEa
578,Tip Tip Ye Ansu,68TciR5Cst4w1pHf6MbLGl
579,Chupke Chupke - Original Soundtrack,7Eb3XJCYVMh1N5KZ70gaCY
580,Qalandar (Original Score),1KgIBPUmEDdjsMwPnGmDKC
581,Fraud (Original Score),3MazXCUiY4iwOM1a7ix1Mt
582,Wehshi - Original Soundtrack,7fEyozLEH71lNZkAhUMr9v
583,Habs,1fJBw5JsfRXEcI0uW6nTf1
584,Tere Bin (Original Score),0NzKqxxriSFemELLGwNR1r
585,Wabaal - Original Soundtrack,74uoMmnSwuzIQcyff5SmUh
586,Pinjra (Official Soundtrack),36TYUjPYzDr6bgJQg0GpOr
587,Tere Naal Mein Laiyan,1i0a6AG7hehLHMUfWgRAwL
588,"Alvida - From ""Alvida""",36JAat3btntBNfrXuPEuQD
589,Dil Tere Sang - From 'Kacha Dhaga',0F2GjHORRUEjcE8S6rPfcj
590,Dil Haara - Mannat Murad (Original Score),6G3qUBhChyZEUvjWgqyxWO
591,Jaan E Jahan (Original Motion Picture Soundtrack),0GkeOFHdSIdXBoo326Hw0P
592,Thunder,1zB4vmk8tFRmM9UULNzbLB
593,Je T'aime,52hTNCMZSb80PePjObPGP2
594,Demons,5qaEfEh1AtSdrdrByCP7qR
595,Dusk Till Dawn (feat. Sia) - Radio Edit,3e7sxremeOE3wTySiOhGiP
596,Let Me Down Slowly,2qxmye6gAegTMjLKEBoR3d
597,Radioactive,62yJjFtgkhUrXktIoSjgP2
598,Believer,0pqnGHJpmpxLKifKRmU6WP
599,Heathens,6i0V12jOa3mr6uu4WYhUBr
600,Happier,2dpaYNEQHiRxtZbfNsse99
601,Faded,698ItKASDavgwZ3WjaWjtz
602,Wolves,0tBbt8CrmxbjRP0pueQkyU
603,Legends Never Die,1FpVJ7HpZInE2GvhVE2TwT
604,Darkside,6SRWhUJcD2YKahCwHavz3X
605,Alone,3LlmKSHR3Rs0Y3KHQLAYDk
606,Centuries,04aAxqtGp5pv12UXAg4pkq
607,Ride,2Z8WuEywRWYTKe1NybPQEW
608,Immortals,3Te8uLyit6X3ncNW8Fp3K2
609,FRIENDS,08bNPGLD8AhKpnnERrAc6G
610,Stitches,3zkWCteF82vJwv0hRLba76
611,Treat You Better,3QGsuHI8jO1Rx4JWLUh9jd
612,Attention,5cF0dROlMOK5uNZtivgu50
613,Animals,2bL2gyO6kBdLkNSkxXNh6x
614,Hymn for the Weekend,3RiPr603aXAoi4GHyXx0uy
615,Monster,4uyDe8SeM0Nsgzp9KMtXWn
616,There's Nothing Holdin' Me Back,7JJmb5XwzOO8jgpou264Ml
617,Closer,7BKLCZ1jbUBVqRi2FVlTVw
618,Hall of Fame (feat. will.i.am),7wMq5n8mYSKlQIGECKUgTX
619,Unstoppable,6rrKbzJGGDlSZgLphopS49
620,Whatever It Takes,6Qn5zhYkTa37e91HC1D7lb
621,Maps,4gbVRS8gloEluzf0GzDOFc
622,Drag Me Down,2K87XMYnUMqLcX3zvtAF4G
623,Counting Stars,2tpWsVSb9UEmDRxAl1zhX1
624,Something Just Like This,6RUKPb4LETWmmr3iAEQktW
625,Symphony (feat. Zara Larsson),72gv4zhNvRVdQA0eOenCal
626,The Greatest,6bLopGnirdrilrpdVB6Um1
627,Mercy,0AS63m1wHv9n4VVRizK6Hc
628,Waiting For Love,2P4OICZRVAQcYAV2JReRfj
629,Sunflower (8D Audio),3eBoeXHdC9Jn4wGSUU6zzH
630,Love Somebody (8D Audio),1tmlNhUromGFeppcK6TCTl
631,Levels (8D Audio),6CRKKd0B9FiFSb04HdJZtl
632,Don't Speak (8D Audio),6lbhY7hxY3lL76ms4J41tO
633,On My Own (8D Audio),1in3lthTi3oJLZB9tTAUWU
634,In Your Eyes 3d 8d Audio,4zUmTE108t7TVQv7XWCpGo
635,Rays - 8D,19DDXcJfYTjOUYwUcU48ob
636,Stay (9D Audio),1LPOmFTcVi4YflLNCzHThu
637,Despacito (Instrumental) [Remasterizado En 8D],6CYZemkYExGNl7I0nPu62H
638,Creep,5LRxdeykOfvKb1aWGrrGyo
639,Drive (8D AUDIO),12l1hnREyXTFdwuRLjU9MF
640,Euphoria (8D Audio),6JrUfMclHybVCI0XM2qAyc
641,Bad Guy (8D Audio),62H7SGqO4qx6vexYRF0I5T
642,Heathens (8D Audio),39EXjHuDOJ77d9hYmIdQei
643,Ocean Eyes (8D Audio),4Rmx0NJ46KURXru1WKwKsZ
644,No Friends (8D Audio),4V0OtdpLsrlW8RbgnEEFVp
645,Give Me One Reason (8D Audio),2ZRs71TLOQNeEoQZ6kLBDI
646,Give Me One Reason (8D Audio),2ZRs71TLOQNeEoQZ6kLBDI
647,The Dock Of The Bay (8D Audio),5HzP1tqrl61VcMi3rIRLW9
648,The Dock Of The Bay (8D Audio),5HzP1tqrl61VcMi3rIRLW9
649,Just Dance (8D Audio),4hWK38sjrSVuKnI9YFJSx1
650,Stand By Me (8D Audio),1Ca7XP59sJmSjtMpT3KJq6
651,Sweet But Psycho (8D Audio),07BlHE5LIFtLSCS0Lhu6hk
652,Dub-I-Dub (8D Audio),113Hpo636I0lJqOXOXct9L
653,Anxiety (8D Audio),71XLnhOYVXbWz5BgsYStdF
654,Fly Me To The Moon (8D Audio),5hv6hCw1lQm8XPnu1uXwk4
655,Billie Jean (8D Audio),2p1k2Sfr05pZ4Z8Cj1oAHM
656,Caffeine,36nm8el2MPxNpJBIqsKV5O
657,Someone You Loved - 8D Audio,37VJika1NtsFOjeRV1fQXd
658,Dead to Me (8D Audio),3aXnPNuvwxeh4w14LXvy1F
659,Love Yourself (8D Audio),1JKES3TTiiAJZCglHPtUre
660,Numb (8D Audio),1J0EehhqTE9aR5olqaq6OM
661,Numb (8D Audio),1J0EehhqTE9aR5olqaq6OM
662,I Would (8D Audio),6EUTXSD2h6BLqiZjjSS52c
663,Dance Monkey (8D Audio),4KgAFt6Tt4E96poxgq5dVJ
664,My Love - 8D Audio,3MbBsKSF1GuBdFXBUbw2pM
665,Closer (8D Audio),2QVtO9ZvZJQeGaY16MevlX
666,Zombie (8D Audio),3TAwTWkbJp1UJxRcndkC7B
667,Zombie (8D Audio),3TAwTWkbJp1UJxRcndkC7B
668,Dilemma (8D Audio),5NxHuvUMgl0IdY5ao4jxAs
669,There For You (8D Audio),5ABJov7TnM9YBlg2k0xKZv
670,Leave A Light On (8D Audio),3DWZBhBQS2NnkInHi6v0bb
671,Issues (8D Audio),1rR8RIFcDYjtOiOS5UrUV8
672,Feel Good (8D Audio),1iVpCUHiOKTC8AnjI7XWCu
673,This Town (8D Audio),6hWCfEODo1LZPlPOpOhNg2
674,There For You (8D Audio),5oD3VEBz8Hz4FXWfqri2EA
675,Heartless (8D Audio),69ysMz84T5mc7fGzZdcV6G
676,Perfect (8D Audio),1bSqVboQGPq1hfExgtwjuq
677,Should Be Me (8D Audio),1mLno0gBQ0qW9jwernQGEg
678,Think About You (8D Audio),3Ztl1iGhCvSKJ3BM22JWHv
679,No Guidance (8D Audio),1JA4ZX85qfgNp1sLQiBIlg
680,Lost In Translation (8D Audio),0gSPO590lD18lFZgE9hK71
681,Apologize (8D Audio),4QfAhWRQAGmDuR4JgfaUS9
682,Lost On The way (8D Audio),7bBP8Lt5tBJrtVq56EhbBz
683,I Feel It Coming (8D Audio),5ksj648nmpfxjleVuzXPa7
684,Torn (8D Audio),5qmverDtN2amVmtZYhjncb
685,Shallow (8D Audio),6DE4JbUJ9MXDA0cSSyRfjF
686,I Don't Care (8D Audio),0q3EKZJtbLZnrxcxF7vzGE
687,Love Somebody (8D Audio),1tmlNhUromGFeppcK6TCTl
688,Here With Me (8D Audio),1KR8rbpbLw20DBkeGQmicS
689,I Want It That Way (8D Audio),4AeZHwj9Xv3QzNcMyfKGJD
690,Intentions (8D Audio),2rI6J1pfIExT5p5o2WamLk
691,Give Me One Reason (8D Audio),2ZRs71TLOQNeEoQZ6kLBDI
692,Goodbyes (8D Audio),3QZpQsk34VXVAIpEe6x0iz
693,Counting Stars (8D Audio),3Imif5nZsq95DxzTMicKYV
694,Falling (8D Audio),4aGsxhq5qmFdC2DQuqWNlI
695,Love Yourself (8D Audio),1JKES3TTiiAJZCglHPtUre
696,Dusk Till Dawn (Headphones Mix),5tnYcHe9g3qZExaM00jvRr
697,Billie Jean (Headphones Mix),4cjCykOcCCyKcO4xlmHAum
698,Faded (Headphones Mix),1Ly5DM0YgdGHg7BCapZ1ZU
699,Save Your Tears (Headphones Mix),6WWOaikOSVCmKF7JqFyg1C
700,Roses (Headphones Mix),0b5YGurz047zx3OzezpNh2
701,Without You (Headphones Mix),2GT4ZxoZezcmXKJjk1aEPI
702,Diamonds (Headphones Mix),4lsiHiavWNiLtZZ0mXuKmH
703,Another Love (Headphones Mix),2eN2x4TrVaPA7qwQAfckbS
704,Outside (Headphones Mix),162M5Xt98ZeEWwXt9N84Dv
705,Someone You Loved (Headphones Mix),4Qnx3OfXt5SGmyCiusFb6Z
706,Apologize (Headphones Mix),2rxcPZhx5bncBETshWzXKM
707,Memories (Headphones Mix),69exMpeJqXRLoEw3saYCxv
708,I Need A Miracle (Headphones Mix),3HBJCbvV4U3lcAMjs6oH4i
709,Everytime We Touch (Headphones Mix),1U4iMgN21KSn1tt1oNdefy
710,We Don't Talk Anymore (Headphones Mix),6eBvKh77a5CcZoPMBYFAYH
711,To Die For (Headphones Mix),4AAFQaSvGEK1voUYEo62nf
712,We Found Love (Headphones Mix),0vJfd5WY44vPjqRrWtDAuK
713,What Is Love (Headphones Mix),3endCm9r9MRk9hXVPa2HiP
714,Toxic (Headphones Mix),3a7VGZbNrQS2aLTDd8Lj6u
715,No Friends (8D Audio),4V0OtdpLsrlW8RbgnEEFVp
716,everything i wanted (8D Audio),1N8atpTab2RlscG1WtRwSC
717,Blinding Lights (8D Audio),2ovOsGOIAcdZvcM59IDavP
718,Rescue Me (8D Audio),1IO8VQ6hRVeEOQRwJ4uiQE
719,Gravity (8D Audio),4AIcDhPxertN9aiFnueznX
720,Why Do I Try (8D Audio),6kUHZgZqQQfQX2okJzGn8E
721,Sober (8D Audio),1gZootydOE83Ywwn4DbVWn
722,Titanium (8D Audio),3FLvVjZxX89DkMb6OW60Ma
723,Let You Down (8D Audio),3XGxmdbBJTjE9I2SaXlB8F
724,Memories Are Loud (8D Audio),1rgk7CsHBDASHVagf1pC7Y
725,Damage (8D Audio),7461dh2dBRbzxR36TMi4El
726,Learn to Love Again,6FDdNPmK1m8VBcBXvuCKRw
727,Back to Black (8D AUDIO),1Wq3aJ5bwRkUu3tUPpPDYG
728,Coffee (8D AUDIO),5wrjkgJSbmVnzVCTiPG6wY
729,SAD (8D Audio),7f1Es5tUtyS9JdPRJjTsA3
730,In My Mind (8D Audio),68kewFyK0v3xWwcQ7kh53K
731,Waiting For Love (8D Audio),3McAym1JpN3Vi5PVsuu1pq
732,Last Night (8D Audio),4knvNZlnwEP52uPH9wLXLV
733,Road (8D Audio),5QfIesuh5Xyl6G1imczO6u
734,Maps (8D Audio),3gPHGJZSU1KeRb2bcSLIXp
735,Wish You The Best (8D Audio),0YKFKoeGjToPLoiV6hSXJh
736,Alone (8D Audio),6oXTXwsnXd4GnaP2HLNdlY
737,Miracle (8D Audio),42weEjrA8Wov5iOtYGDZPE
738,Training Season (8D Audio),2P1NGvxA09JC8x2qK2MR54
739,Love The Way You Lie (8D Audio),3FRUNhNHVxibr3FfudzYoD
740,I Like the Way You Kiss Me (8D Audio),13XhiT7MPZcUtk130KFn1J
741,Believe (8D Audio),2Vb7KluWXZeVX2Emlw3IhU
742,Play (8D Audio),3AIqBLyZz2XQgi4hCTgKjh
743,Get You To The Moon (8D Audio),0AuYd5PiJO2Lv3Sxe6Fyeq
744,Padam Padam (8D Audio),6AdeVyg1MovpZwEm1HFVGh
745,Greedy (8D Audio),6w8J6Oh31y8NgkExWB4GiP
746,Water (8D Audio),3ZnvAJ7ZvTw33z5WzkeRHp
747,Other Boys (8D Audio),6lRGn0DImd7JYIW13vebMb
748,I Like It (8D Audio),6XqS5VW7OhxaMWhyRVSXJz
749,Take Two (8D Audio),3TwaluJL6lxkpOAvZNqqj4
750,10:35 (8D Audio),7q2PLP9yWrj5263R6ikSXe
751,Makeba (8D Audio),7AZUhhhlXrNzEjUacEvhLM
752,Somebody That I Used To Know (8D Audio),04894pF8toYDkK76UQh8PR
753,Crazy What Love Can Do (8D Audio),6wdorBru3SeGBfXiQkfWJY
754,Single Soon (8D Audio),4iFDj8S2fQeYaDmle6g1Wf
755,Tattoo (8D Audio),1YQCdMEvy4JIIIaP4r5s1w
756,Whistle (8D Audio),3Gv7HA7KnxksojQgMso9p5
757,Are You With Me (8D Audio),6KQw9m7jBQPtHc0G8fAShr
758,I'm a Mess (8D Audio),6oCEZvizbVzoGb74EgLbUr
759,Diamonds (8D Audio),2fd4W4skIRNON95wQaDO4J
760,365 (8D Audio),2CS8Azd1M9Y8L7dKbVyDIa
761,Cruel Summer (8D Audio),0rAhIDGWwdUVVgjRJsmEeT
762,Look Back At It (8D Audio),7J4WdDcswljUTgeFNPtdDk
763,Meltdown (8D Audio),17EFj6iqHiXWxPPYpqkntN
764,Strangers (8D Audio),1H1NCL5fNyyIkHiFrlt8Xn
765,I Love It (8D Audio),0dmgAmKLlM1KJP7tn8V304
766,Desire (8D Audio),0AfMBDL5Bqw5Enxppdf9nu
767,What It Is (8D Audio),6BdBLmWDNuMMeeRA0iefaN
768,7 Rings (8D Audio),6DFRK1GBSe1oTRWiQ1UvRA
769,Vampire (8D Audio),21urznelWwqR5rx6MG65c5
770,Can't Feel My Face (8D Audio),1sCNXPVEiLu8wpGxvjHvD5
771,Angels Like You (8D Audio),0SfHtwUZTvW1v8K5EXOQmo
772,Chemical (8D Audio),2S9lNmY8OEUznoch1UmdYn
773,Baby Don't Hurt Me (8D Audio),2v5KMGQEcr0HjjjAwOxys3
774,Castle In The Snow (8D Audio),3oVALAHFQ84JBvDvYhziLY
775,Rockabye (8D Audio),2xIe5EqVliDTS5APKnxpEj
776,Snap (8D Audio),0zBg0uxyyBFu2rzJfOL2Zm
777,Collide (8D Audio),24gmvc2TgMi2f6lDR3XE8J
778,Symphony (8D Audio),5IdEZZc03j9z9V7pWokG9F
779,Deck The Hall (8D Audio),5Zm5bycHhnGBLbz14e32lK
780,House Of The Rising Sun (8D Audio),0Jlpqg3erJ7vNAapZOWnHg
781,Double Fantasy (8D Audio),6UdtAzVMMny6oXRhvw1JZh
782,Toxic (8D Audio),4c0RVlWuMveW9PjVoHzeU6
783,Cheri Cheri Lady (8D Audio),1rDSpymGvkwhXErVgJHLCf
784,Car Keys (8D Audio),5BRBDS2UL0Smoq7L8Bj3Hi
785,What Do You Mean (8D Audio),3uebB0jZAtOEGteAb9ddak
786,Mistletoe (8D Audio),469taYSCvrycBEKe1U3PIe
787,All I Want For Christmas Is You (8D Audio),1A5fw1lYliRZNQ6YnLbRwR
788,In Da Club (8D Audio),4CG3QBf1uwtcHcF5W2YkAj
789,Hollaback Girl (8D Audio),5JKfrvlyMJiN1E7MLP1OcX
790,Wow (8D Audio),5jR3wXOSNtzcchrpBdCWN9
791,"Beamer, Benz, Or Bentley (8D Audio)",30Y3mTJrD9akDwYFHgAgcy
792,Mask Off (8D Audio),0NGpPTcQcX3oPwyd6Yjy3o
793,All The Way Up (8D Audio),3L2CClSTUsjqSwe89ZiyBB
794,Santa Tell Me (8D Audio),5IHmfe5X5Bugywpmm6z240
795,Numb (8D Audio),6Z0YhSiEReZyGD2c3Cmmrc
796,Bad Habits (8D Audio),2NuR5VPTBchhKggOby0S6T
797,Not Fair (8D Audio),71hDCgINquhOqytaTHwaMC
798,You Don't Know Me (8D Audio),0ZgvZbyHqMPH6zcQ7xNrkV
799,So Am I (8D Audio),5JY1YJzavIRsYHQK7k7lZ7
800,Cry For You (8D Audio),3vkSSJwqU5vfhS8lYSO5kK
801,Stereo Love (8D Audio),5XgAaSUzQxJw3lgPdNvFUJ
802,Middle Of The Night (8D Audio),4vl9UGU3BFJZLpmc0SFSMv
803,Faded (8D Audio),6dAlLlikfJzom7MKRzp3Fb
804,La La La (8D Audio),4sdos3Y1JqGlV8tXeqlg2f
805,Zombie (8D Audio),3TAwTWkbJp1UJxRcndkC7B
806,I’m Good (8D Audio),2009Zp8KEWgQKIQOp83CcP
807,Hot Girl Bummer (8D Audio),727ERxJPR7VdSqizqHYiQf
808,In The Name Of Love (8D Audio),0DM5st9Xw2zv3EQCqFksaO
809,Lovely (8D Audio),08nRRqzL5DoOYoLyvmjYOa
810,Sweet Dreams (8D Audio),3ZNzVNbqyUOzjgFqOUdE73
811,Dance Monkey (8D Audio),4KgAFt6Tt4E96poxgq5dVJ
812,Tik Tok (8D Audio),33XZcJB8bauhqs1w7HD0T3
813,Candy Shop (8D Audio),0awBbmhbEnpVkLbbQI2L0t
814,In My Mind (8D Audio),31qdM7syhYF5I6vqtZX00j
815,Death Bed (8D Audio),7fU4ivjeXFO78h5JPShj79
816,Believer (8D Audio),2ADHsbfMvk0K9h34hEIirl
817,Legends Never Die (8D Audio),4Z3uQ2hRQ5IxCsXk3Y91fP
818,Unholy (8D Audio),1SQjuemQnbxRmSmE4UAWx0
819,ABCDEFU (8D Audio),4DKlQcZGZzIAfhOOZcAd1Y
820,Heat Waves (8D Audio),45bhAp4yQ4U3LEXVjvoo7y
821,I Kissed A Girl (8D Audio),0Uk589qFWtsF4l185vMKyQ
822,Sunflower (8D Audio),1rHBi4GNjtAfIYEG4tYNs6
823,The Hills (8D Audio),3hTfIorCxJ4Kf8F014tbPs
824,Heathens (8D Audio),39EXjHuDOJ77d9hYmIdQei
825,Señorita (8D Audio),79wZbbc0vPDOa1Uf4GS9n7
826,This Is What You Came For (8D Audio),6aHtgKGR2hkj4hJU4dq1z8
827,Bloody Marry (8D Audio),6jx10GHeA8ljThGJOCz7FE
828,I Wanna Love You (8D Audio),5qSt1KtbuPpGbwj1VEaGhU
829,Saibo - Lofi Flip,1E16f7KcZmuXuhlenRwA2m
830,Iktara - Lofi Flip,7JOFplrLQfYkuEcWCASZDo
831,Tera Hone Laga Hoon (Lofi Mix),6PEKFVQUBEY2zQEE7bYEpF
832,Doobey - Lofi Flip,6URZh0L8qZ3v7q5EzPFE7A
833,Subhanallah Lofi Mix,1pnC5d46tqFwjqGtbjJPn7
834,Apna Bana Le - Lofi Mix by Deepanshu Ruhela,222veQHbx8ysyhBnp5rdOu
835,Mitwa - Lofi Flip,0Myo6gFupsra0lFwJKDqsw
836,Ek Ladki Ko Dekha Toh Aisa Laga - LoFi,1uehRTjklFflNZkVNYNZXL
837,Tum Tak - Lofi Flip,4DvAqLQNC0kW3XT2EE69cY
838,Hosanna - Lofi Flip,7BbhFrLzCP7DdnV69vVbCv
839,Tere Vaaste - Afro Mix,1vOZp3KpSMrDthOo9FnxZD
840,Tum Kya Mile - LoFi Flip,6DaXxioFpsYB2Z21rgtkqP
841,Samjhawan - Lofi Flip,1KPAtV3E11Y3pbnzUOtO0d
842,Rangisari Lofi Mix,2R3CJquLzefg8IYp0K0hnB
843,Phir Aur Kya Chahiye - LoFi Flip,0d0KbsvgiWkPldFVaD3wdM
844,Darasal Lofi Mix,2f7zO0rjaIcGO9Nf0nwL8S
845,Theek Hi Hoya,38trEEPqopci3VHpM90Pch
846,Rishte Naate - LO-FI Remix,5iHOTwCpFRSdBfITAdBP3d
847,Pehla Nasha - LoFi Mix,116rAMlHZmymFWiq3pEgGr
848,Pee Loon Lofi Mix,5EIFtcs5653Xjgs1gAAB7a
849,Bheegi Si Bhaagi Si - Lofi Flip,01iMTLk72XWI6pCH2QZ3sR
850,Dil Diyan Gallan - LoFi Mix,0LMGlOgPDCBvIaWXmJpuDl
851,Ranjha - Lofi Flip,7vwTvVDpsONocB0zr8ShtJ
852,Raanjhanaa - Lofi Flip,3TEpHcylaJDZyYOiBVzlwN
853,Kesariya - Lofi Flip,7nsjBUVRQTUEvCReXAtVPi
854,Mahiye Jinna Sohna Lofi Remix,5JEb1IrNFtO44gQ4nZg7hL
855,Khairmangde - Lofi,2cTyFN1gG36JWQ5sTEZxEG
856,Tujh Mein Rab Dikhta Hai - LoFi Mix,3vYk2VXjV8WFqadqzp1gtF
857,Kyon - Lofi Flip,0q1EaeaqfLBLqRvlkSbYi9
858,Kho Gaye Hum Kahan - Lofi Mix,6x87DKqMJ6gt8dCWLEf0Eb
859,Tum Mile - Lofi Flip,1CsRoIeHaHRysPMoEaKRoQ
860,Mere Bina - Lofi Flip,5f4CDQSxZJ8GuYdwMdz37V
861,Tera Fitoor (Lofi Mix),6eF3jODUBew4DBD2xWZA4e
862,Dil Diyan Gallan - LoFi Mix,33zAMXzpbnp2cWtHot2NOw
863,Ilahi Lofi Mix,0GucA3qLWxJU6Peffg3yHD
864,Paniyon Sa Lofi Mix,1likAlZIuAlfJCWOItGojk
865,Tujhe Bhula Diya Lofi Mix,5XTfk1cEL9NeunAloscyru
866,Chashni Lofi Mix,2DElbo4VXfqtYzr1S2z18y
867,Hawayein - Lofi Flip,5w1MhmSc5S5iHnhy4s3fFb
868,Bol Na Halke Halke - LoFi Mix,4wj1mrAKws5NNboTazs3lK
869,Ek Ladki Bheegi Bhagi Si - LoFi,0ISxUIllVYeJRTI1HDIL8E
870,Channa Mereya - Lofi Flip,4zKUbaPleWBF1tKyfCtLHw
871,Rangisari Lofi Mix,2R3CJquLzefg8IYp0K0hnB
872,O Sanam - DJ NYK Lofi Remix,2cGRuloXezvHDpoHX2bVyu
873,"Raataan Chill Mix - Spotify Singles (Tanishk Bagchi, Jubin Nautiyal, Hanita Bhambri)",0yIUl79oGZKSYeLY1KEOxP
874,Piya O Re Piya (Lofi Mix),4XdgtQ0wt7fikgV4xvR5tm
875,Falak Tak - LoFi Mix,7EcRb9AkOSRXdTFAlKt5Vy
876,Duniyaa Lofi Mix,4yW8kY0QgRFionKeUhsIoL
877,Darkhaast Lofi Mix,5QgRCer9h7nRVkDJ1AHFMC
878,Maan Meri Jaan (Lofi Flip),70nMJqRhW7zrdmxKBe2HnO
879,O Mere Dil Ke Chain - LoFi Flip,23s7RwIZwgmXomU190rpps
880,Dekha Ek Khwab - Lofi,1pzvpQEmn2TDm65aaBfIdi
881,Anveshna,2qUsQabfNwb7iuyxjYJkqe
882,Mera Mann - Lo-Fi Remix,3KO7HfUxd8hBN4grsxYGuo
883,Tune Jo Na Kaha - LoFi Mix,1A2C3BQQ5CivJEqjKpXMTl
884,Bezubaan,6fbc2ubpqup7DeTQ8P2vij
885,"Tujhe Kitna Chahein Aur Hum (From ""Love In Lo-Fi Volume 1"")",6LnKF81ya983e07tTgAFql
886,"Mere Yaaraa & Tu Jo Mila (From ""Love In Lo-Fi Volume 1"")",5zAtCVBAkr5G2UvBG08SeF
887,Bahara - Lofi Flip,3u5OZz9Yuv2PmIlOryHLZY
888,Heartless - Lofi Flip,3umwWCeZn5TrYw8PMDaL8w
889,Tujh Mein Rab Dikhta Hai - LoFi Mix,399MWH4yxDkU5chK3a8v9Z
890,SAVAN,2bgG9gBawUyXYy5sCMCqrz
891,Yeh Dil Deewana (Lofi Mix),5f0FhPWtYEZvcesBXiSG4w
892,Phir Aur Kya Chahiye - Lofi,4Npv5c2FWFDfqnUezDFbzO
893,Tum Jo Aaye & Tere Bin Nahin Lagda,2NOVGPOYR9H4hMxGRFZH9f
894,Chidiya (Lofi),2MP4MAbbXgY7f7FcC7QK1H
895,Sun Bhi Le - Lofi,6yPeH5NabkngbGQf4Nlg1E
896,Tere Vaaste - Lofi,3K9NF6V96yShGM4XelTQ2a
897,Tere Bina - Lofi Flip,56NEBOZVI0GxY3kI542uAu
898,Love Me Thoda Lofi,0wAiAjJ1TmfZHwclMAcVAR
899,Chalo Chalein,44IKIiUEm9JVCrPw3Xs7GK
900,Jiyein Kyun - Bollywood Lo-Fi;Chill;Remix,1YIxsDMuhobzdKetn6VHKW
901,Love You Forever,0ZcmID2qNnYIFx2zMFbCBk
902,Ek Ladki Ko Dekha Toh Aisa Laga - Title Track,3IOgP2PSCTdoAID7VmMGEh
903,Mehrama - Lofi Flip,79UQjoU5Yfe4AsVlbVOvPz
904,Jina Sohna Lofi,6u43SAnCUC6xJvHJsB8T1P
905,Jhumritalaiyya (Slowed Reverb),1weatlaEnUEA6qkNEXfo5r
906,Nit Nit,6GT0oiQdjiYX91qgAMi7Vd
907,Kal Ho Naa Ho - Lofi Flip,126qPRASiPpi9l0o0WtBvg
908,Ishq Di Baajiyaan - Lofi Flip,6NwVffBJeULbYgmilErYEz
909,Bemaniyaa (Lofi Flip) [feat. Adies],73t2DetIDtKBACjzOj2E7X
910,Chaand Baaliyan - Lofi Flip,1hd4I7yByPS8RAmc9dM9lH
911,Tera Hissa - Lofi Remix,3CnoaYIHkHNZa7RDrYRlQ4
912,Ude Jab Jab Zulfen Teri,492fw1O1DbS6BTOJn5RrSC
913,Teri Ore (Lo-Fi Flip),05R5NzVM92huBXaszuXSZH
914,Jashne Bahara - Lofi Flip,21hHDH6amg7qm9QR9vfqb9
915,Kol na mere,6tQTTeSawqvAwZmy9SGicr
916,Waalian (Lofi Mix),29NyItj5L18Qn4QlPSeRE3
917,Bas Ek Baar (Lo-Fi Flip),53Ns8q7Rzuoj4Q0xOUxKBe
918,Jhoom (Lofi),6LUaHuZOYbp2D0gNMGBNFl
919,Be Intehaan (Lofi Mix),5Ocj680ji44AtRXvjPbfIp
920,Maine Royaan (Lofi Remix),3khiYRqf3tjb6PSGBhkfl4
921,Main Chala,32FY3evYxsIsb5yUQ68Uja
922,Tum Mile - Lofi Flip,7zn6dGQStFkVCOJUdTt2HL
923,Kabhii Tumhhe - Lofi Flip,1Bd027R0spghop0PUwgjyN
924,Manzile,1MEP8hW0chpEO8eGz3CCa6
925,Khaab - Lofi Flip,5qqKojIOogf3PkddzjH4nt
926,Waalian (Lo-Fi),7FV1QLL5LRozVQOF6V5ggi
927,"Mere Yaaraa (From ""Sooryavanshi"")",0tpwqQhdfJXRcUDSNRjb9O
928,Pehli Nazar Mein (Lofi Mix),2HKFoMC6jXuDwavUOdpuky
929,Mere Humsafar (Original Score) [Male Version],3coPaPUclFBuSUXq9XClg4
930,"Ranjha (From ""Shershaah"")",72zHuDxFQTjbL51qJQSA7j
931,"Mere Liye Tum Kaafi Ho (From ""Shubh Mangal Zyada Saavdhan"")",3qrdLVOClRU4yPkcXZ7c5u
932,Tu Mera Nahi,148Tqqxe65ob2wZWzpgrdY
933,Parizaad - Original Soundtrack,7auhybIlVWILNTBqKrcXfl
934,Tum Se Hi,7eQl3Yqv35ioqUfveKHitE
935,Tere Bin - Hum Kahan Ke Sachay Thy OST,1hju1lzW1cq8ua9YuhGi8k
936,"Ek Ladki Ko Dekha To, Pt. 2",3hC4mbcPxE8lyMPjelnNii
937,Na Cher Malangaan Nu,2mkzhEH79XteEuzHjenNeg
938,Saajna,36SqQ42lXnnmIE6SOLvBg7
939,Dobara - Original Soundtrack,6j733ifShVLqDYOKyUgfb3
940,Laiyan Laiyan,45vvC6Ce1SIsQUNQOhehhC
941,Saathiya - Ishq-e-Laa OST,7xFCepEt3ApcZg8XRi1xFZ
942,Chidiya,7mNZUnDWUDidWBFaUpVtOC
943,Pehli Si Muhabbat (Original Motion Picture Soundtrack),6okXGyZjrasNITqJbkgcEa
944,Tum Saath Rehnaa,4Ft4Tj0l8kzfKBv8vGuR4t
945,"Mere Yaaraa (From ""Sooryavanshi"")",0tpwqQhdfJXRcUDSNRjb9O
946,Ik Kahani,4dd9gI8s5V4D3VjMK6L8a3
947,"Wo Humsafar Tha - From ""Humsafar""",2z8o3kYaRs2nZGxnZ691SJ
948,Suno Chanda - Original Soundtrack,2w2sQgvmP4o0cbVmsvi3QG
949,Jo Tu Na Mila,6DefzsWqnwrFrmNVnJxWkS
950,Taare,1CMiSJKIt6kgOtqxYnIphc
951,Suno Chanda Season 2,7oUEPn4bbEMkjUdpWuRF7I
952,Raanjhanaa,5OMUXgfXsSukZ0zxelpC3b
953,"Tu Hi Yaar Mera (From ""Pati Patni Aur Woh"")",57jOEZtoLQK4zF2x55bdkp
954,Fitrat (Original Score),6Sjz8kPgHdeTJwFLpNHpJP
955,Lamha,2dCrvLPU36Iv8p7Tq1Vy6V
956,Ik Lamha,6KtSNVgCmQEvDgIuHoXAkT
957,"Dil Ko Karaar Aaya (From ""Sukoon"")",5urYiIXu1ZhfMAOsp7WDTc
958,"Agar Tum Saath Ho (From ""Tamasha"")",2FCXQHugkoHE1K3tiDu8pu
959,Udh Chaliye,0TzvYA85b1yc7cQYPV6ydI
960,Roiyaan,6pIDq4rIuH75nEwNew2dlW
961,"Diyar E Dil - From ""Diyar E Dil""",3hrUxw5iirKSWdtvslvQXV
962,"Kesariya (From ""Brahmastra"")",6VBhH7CyP56BXjp8VsDFPZ
963,Raaz-E-Ulfat (Original Score),0hFmCJJdB7vgCgkVbl7XVv
964,"Ghalat Fehmi - From ""Superstar""",5mnvugwfFYnJm9zuyGkgqF
965,"Baaghi - From ""Baaghi""",21Gxk9fotyXuyOGDHORNZg
966,"Kahani (From ""Laal Singh Chaddha"")",7Lcp4QlpR3RDngYejm4fmS
967,Kana Yaari,7MTUN4bpk7Im3Sxz9oCULf
968,Meray Paas Tum Ho,1b4gksr8TMyoyFdwrmPSvY
969,Tera Ghata,0JBhoxPKHJc1ZeJrjSt0VO
970,Hum Nashe Mein Toh Nahin,5L70RGPJEdooqtrgR7vd6U
971,Barbaadiyan,6qZyM6JV8ohLC4S2EL5sFh
972,Mujhe Leh Chal,4odsSGg1pT5Qrpj3ZOqQx0
973,Doobne De (Reprise),3sa7RXHb5A9ChYWAVBkEdV
974,Shayad,1smFN2CLqGROu0J0UyvDfL
975,Tere Naal - Aye Musht-E-Khaak (Original Score),58yladAk38qWf2CccQzgEt
976,"Raataan Lambiyan (From ""Shershaah"")",2rOnSn2piaqLAlYjtfUBlY
977,Aye Musht-E-Khaak (Original Score),5TPb6bxAWsPxP0h8DgFI7l
978,Aziyat 2.0 - Reprise Version,3fwyItGexa88kR8j76dIqv
979,"Rait Zara Si (From ""Atrangi Re"")",4uK0M8AI6gyFmyzUneQpbi
980,Bhool Bhulaiyaa 2 Title Track,2FZDNh6tm9mkZ9vTphuAh8
981,Yaad,7jdHemolm8HmaireObpqXt
982,"Humsafar (From ""Badrinath Ki Dulhania"")",7aE1lfskJLMHQnzCCP1zsV
983,"Nai Lagda (From ""Notebook"")",5NdVbWjNxxzv3SMxtINLu2
984,Nit Nit,6GT0oiQdjiYX91qgAMi7Vd
985,Life Goes On,5FVbvttjEvQ8r2BgUcJgNg
986,"Dil (From ""Ek Villain Returns"")",043SPVu75TXbs94ZfM9dfn
987,Fitoor,7eNSk0grNnO7MqjLZzs6MM
988,"Tau Dil Ka Kia Hua - From ""Tau Dil Ka Kia Hua""",7hAkHsYqFUqQc5uA6uTrro
989,See You Again (feat. Charlie Puth),2JzZzZUQj3Qff7wapcbKjc
990,"Tere Mere (From ""Chef"")",4lBO4Q7Pa816Mk3ptYcYUz
991,"Phir Na Aisi Raat Aayegi (From ""Laal Singh Chaddha"")",4Zzw8CESa97fNrmrvEdIuL
992,Pasoori,7lvDsmTRXFE3dK4OjvRiWB
993,Yeh Haseen Vadiyan (feat. Sowmya Krishnamachari) - Rewind Version,6xZ6f4zoblmNnp8AdXSjqC
994,Ishq Bulaava,1fkjRQA8wXPPyxqYLbxuqy
995,Khairiyat,5O932cZmzOZGOGZz9RHx20
996,"Rangisari (From ""Jugjugg Jeeyo"")",0DXfJ2iKRDEG7rPgssWFea
997,Tip Tip Ye Ansu,68TciR5Cst4w1pHf6MbLGl
998,I Like Me Better,0EcQcdcbQeVJn9fknj44Be
999,Iktara - Lofi Flip,7JOFplrLQfYkuEcWCASZDo
1000,"Chale Aana (From ""De De Pyaar De"")",6vuMdb0E8buJeSHArN3dXk
1001,Hasi - Female Version,1cmZbGkCEVVAck2MsWpPYQ
1002,Aziyat,5DEp8hauuZ45oG38YOkkQq
1003,Iktara,3jtKSUiVDowKNBqVQbWaig
1004,Zehnaseeb,3xF15SqY32Mno3UUMBirhU
1005,"Doobey (From ""Gehraiyaan"")",7MBqVOzb8C3f0FXr2LBLiq
1006,"Kabhii Tumhhe (From ""Shershaah"")",6R6BpMBFQrF7n2uEOxYmss
1007,Akhiyaan Da Surma (Lokan Ton Chhuppa Ke Rakhin),2vP8Frr7MNTLYCK37cit1K
1008,"Gehraiyaan Title Track (From ""Gehraiyaan"")",3vBojOn8Nz8gMQmIBeN00M
1009,Tera Rastaa Chhodoon Na,7cLGKaJXLFpUU7Up34vVr1
1010,Tuntuna,1OkAxAQawPzy5hYfDzhoSv
1011,"Duniyaa (From ""Luka Chuppi"")",2tjWCe2W7sgvS3C8NHcdtI
1012,Yaariyan (Original Score),6r9zKdZmZICTLeLSNb4S6v
1013,Tera Hone Laga Hoon,0dLbrlAVPPjpPqnYfmJsWk
1014,"Mann Bharryaa 2.0 (From ""Shershaah"")",3jf5303mzzJ96O8xFTcEn4
1015,Pehli Si Muhabbat - Unplugged,22m3Z77xjdWc2atCyDJtLa
1016,Khuwahish,6tlL2lg52vZ9z01vSsSFn9
1017,"Kesariya Audio Teaser (From ""Brahmastra"")",46NYX9zIml71qtfYYjakTI
1018,Bol Kaffara Kya Hoga,5jnt5HGf3grIxnvn4jvE2B
1019,"Mann Mayal - From ""Mann Mayal""",3F2c3vXY4wrbi9xjgoQYuu
1020,Pee Loon,52itZ0w0CydihB2JCZEIft
1021,"Galliyan (From ""Ek Villain"")",517bz7zkWELmyL4eZzJ5R9
1022,Zara Sa,18YHbIhrleUkKKj2DvEp79
1023,Hale Dil,6GQK4G5o60E8YA18DGpAzv
1024,Sunn Raha Hai (Male Version),5PvwPy5eRO8BPwpRzCHK3D
1025,"Sanam Re (From ""Sanam Re"")",3XWBGyt7m2rZAjEj0awWnw
1026,Ishq Mubarak,4M513o3dSYspKeT6UNJpcx
1027,Main Dhoondne Ko Zamaane Mein,75p6BrziB5urmwPCeXl3y7
1028,Humnava Mere,0loZn1c5heXie7OAtvK6nH
1029,Medley 4,7f88uCdLDmoZKuqgZWxsBB
1030,"Sanam Teri Kasam (From ""Sanam Teri Kasam"")",44Gp4GIRWoxFnuHlMyhhiJ
1031,Kabhi Jo Baadal Barse,3MVPReTwLNOBFb6KjiIRNM
1032,Dil Ibaadat,3Kl8p2PxVf8eAayLwTxOIm
1033,Hasi - Female Version,1cmZbGkCEVVAck2MsWpPYQ
1034,Kya Mujhe Pyaar Hai? - Lofi Mix,0w4qC8Ujy13p55XUIquohG
1035,Pehli Dafa,4Tkb7zsDmsawB7S5TpKQV1
1036,Jannat,5MVgbOulRaJqYKpmJEthkS
1037,Ghalat Fehmi,4pc445hkoeQGxTS0G14kob
1038,Be Intehaan,6g0HHWLJwfe2PlbgHi8pBj
1039,Jhak Maar Ke,7pTYN6Gxy3MOibdXmkzc5V
1040,Jeene Laga Hoon,3t3wsY5IdLVzB9WidegJSU
1041,O Saathi,6fScgF2Y63ScU73nYju0ny
1042,"Tujhe Kitna Chahne Lage (From ""Kabir Singh"")",2Fv2injs4qAm8mJBGaxVKU
1043,Piya O Re Piya,5a11x5PUFvJEadMRqtNtTr
1044,Falak Tak,0IudGhdeJZwJ0Ps6ndtQDt
1045,Yeh Dooriyan,6L4QbsQrP9ZiZdz9SfOSGV
1046,Pehli Nazar Mein,17opN752ZQpNuoptelsNQ1
1047,Bekhayali,4yMbbysldl7E3WgiaugnwM
1048,"Najaa (From ""Sooryavanshi"")",09vHbIezp9NP31CZWysk3v
1049,Shiddat Title Track,5O9jxRlG72h1sYxtqWwUcF
1050,Mere Rashke Qamar,4sNiMTu47WkUgW87qeUlWF
1051,Asal Mein,0rMeOAvbQZ2RTG4B6L1M4p
1052,Kubool Hai Na,2ORjy2LKWIKvJNhACU8Uo8
1053,Aaya Na Tu,3T0oPETOdddxJ2xTt2qJe4
1054,"Raataan Lambiyan (From ""Shershaah"")",2rOnSn2piaqLAlYjtfUBlY
1055,"Ranjha (From ""Shershaah"")",72zHuDxFQTjbL51qJQSA7j
1056,Ishq Sufiyana (Female),5HYNICszfKuQAzJQB5DPLY
1057,Ishq Wala Love,1hQia6rxgfM1ly2hE3StWp
1058,Agar Tum Saath Ho,3hkC9EHFZNQPXrtl8WPHnX
1059,Rabba Main Toh Mar Gaya Oye,5xRci5qoXzzJgR6ZwzXO2J
1060,Kya Mujhe Pyaar Hai? - Lofi Mix,0w4qC8Ujy13p55XUIquohG
1061,Labon Ko,5WncH5iZ5GFlnXm7jKEXVP
1062,"Tera Mera Rishta (From ""Awarapan"")",0WhHXWF34Mu1OkdVTcmdXV
1063,"Toh Phir Aao (From ""Awarapan"")",4UN2RGKAZE9iQNBCoxLNDW
1064,Maula Mere Maula,5KNuHsIeFtD0oukst77hBi
1065,Kaun Tujhe,5T2ZZiBMDGh3TZDUbxg4rV
1066,"Humdard (From ""Ek Villain"")",2PvaburAUlhNHxVhw5lvOq
1067,"Tum Hi Aana (From ""Marjaavaan"")",6E9UwSfT80age2xknoMS7Y
1068,Pal,5G7pZ8G8NFvS1MQ9H4L7dC
1069,"Dil Ko Karaar Aaya (From ""Sukoon"")",5urYiIXu1ZhfMAOsp7WDTc
1070,"Chal Wahan Jaate Hain (From ""Chal Wahan Jaate Hain"")",6qElTDh0OatDTUoROu0vup
1071,"Itni Si Baat Hain (From ""Azhar"")",4OEBP1iwGmLtcM8UKRLm80
1072,Soch Na Sake,6mTvwBzWTGDOVeCNQEqtOE
1073,O Re Piya,7cWnks0lsRtpAi87COOiXK
1074,"Dekh Lena (From ""Tum Bin 2"")",41GKjlHKRumjutbPjMr0UT
1075,"Mast Magan (From ""2 States"")",4wIWWEhbdgKAxhR68eE0Ye
1076,Raabta,6FjbAnaPRPwiP3sciEYctO
1077,"Uska Hi Banana (From ""1920 Evil Returns"")",3h6Xvd0lISog6GxTk4X6MK
1078,"Bol Do Na Zara (From ""Azhar"")",3XQ15TDH5wMJMJr0X6u2Yc
1079,"Saware (From ""Phantom"")",2y0hUGvHaKm2p5xmJF4HBe
1080,"Milne Hai Mujhse Aayi (From ""Aashiqui 2"")",24b9eObMccIrDSs3NvdrRd
1081,"Musafir (From ""Sweetiee Weds Nri"")",6O6L3hL5IlKuMhMqggTX4w
1082,Nakhre,7tpRgru0h8B4eCvdBegLTA
1083,"Mann Mera (From ""Table No. 21"")",6k1f836hWD6F0ZehWTsyeQ
1084,Pehle Bhi Main,7yDHHVKLbvDmVw1XXhDDIO
1085,"Aadat - From ""Kalyug""",5VrLz2NUTLbPzgjuVOjxUx
1086,Judai,7LGgRybx6vnACSRnYcGmMl
1087,Aadat,5MyKGQp5bcN50AAbfe0lzF
1088,Choo Lo,2qgXrzJsry4KgYoJCpuaul
1089,Bikhra Hoon Main,5o6cHgpJcsF3cimfuBn7dV
1090,Sajni,3wLX0HwfAZlhT9ss18LGLY
1091,Hona Tha Pyar,0KSOLEBixnBYIKNHF1VbzF
1092,Tu Jaane Na,4iFPsNzNV7V9KJgcOX7TEO
1093,Khuda Jaane,0gPgdRfB4jdGrlyXS0Vx78
1094,Mast Nazron Se,65nGdOtsiYlZ1uP8pi4DlZ
1095,"Jeena Jeena (From ""Badlapur"")",5ZhKD46Q7mhsl0awl7ZMJc
1096,Dil Diyan Gallan,0FBQ4NrrHUbR9kus7rzrOj
1097,Piya Aaye Na,1ELMyeJLDHUz3cK3XTWgEi
1098,"Satranga (From ""ANIMAL"")",3yHyiUDJdz02FZ6jfUbsmY
1099,Tere Hawaale,1ByVM9F8HeekD3aGXatRWd
1100,"Sawan Aaya Hai (From ""Creature 3D"")",4WMHDpmfuLwM2Ty8KQXZjN
1101,Kya Mujhe Pyar Hai,3HFjh7QljnUCBLsoTwMuTj
1102,Teri Ore,7lJNQFaBPlm3XhNUWnVk55
1103,Dheere Dheere,4fyR24BKznXBLNkK8LwWla
1104,Samjhawan,0rk2X5TAhraBC5aCIXK2Rq
1105,"Gerua (From ""Dilwale"")",2VTUr7TWzOnBig59RYdCsC
1106,Enna Sona,6bdpj89aYEBjhpsenXAsmO
1107,Main Rang Sharbaton Ka,1yYM7dY6wSJFp5qmxPRLu1
1108,"Deewana Kar Raha Hai (From ""Raaz 3"")",2uaj8aT0FXxqbBarhLmRHv
1109,Tu Hi Haqeeqat,3OLFqbd9ZeVjaUKTiaLsD6
1110,O Khuda,5bdX7jiXtSbHX35pgxJo8p
1111,Pehla Pyaar,0ojpEubhy4JNeVftmVuiN7
1112,Aaja We Mahiya,75Ak0cit8hV604Wjlq1gf2
1113,Woh Lamhe - Remix,723pP4FLUQv1qSAnQtgl78
1114,Kaun Tujhe (Armaan Malik Version),5fjIpQa7O7ttgx64TN9lZR
1115,My Dil Goes Mmmm,3Uv8BQFN3bQfhkregyMbnx
1116,It's the Time to Disco,3hCUkos0NxuSFl73oOHJzb
1117,Gori Gori Gori Gori,4RtvAfvD8lgqqBnojwaDI8
1118,Kuch To Hua Hai,0Kd2IhGYGYrOATgOOnDBzI
1119,Pretty Woman,3rsx3pDYM3a08O0Yu3Tq6V
1120,Deewana Hai Dekho,1CK7tnXhsr0Br5ZzbZdBzh
1121,Suraj Hua Maddham,0mWtcNIAL9jITVHl3F2SQF
1122,You Are My Soniya,6SDH3mp9sQCNJDfDDpQTTo
1123,Bole Chudiyan,1uzkWkIaWaxzHJgJ4Fy5rO
1124,Andekhi Anjaani,3cL1Lpn7e4fKeEwi68S9Hd
1125,Jaane Dil Mein,2tqCK7OS3BU5pvLIXtObvj
1126,Oh My Darling,5Ktg3vD5Nu8vHEFfHGpDns
1127,Mujhse Dosti Karoge,2PbCyvi2YtrQA2AD9uOwyH
1128,Ladki Badi Anjani Hai,6f3C6rJo7zvmfr1h5SRvxg
1129,"Mehndi Laga Ke Rakhna (From ""Dilwale Dulhania Le Jayenge"")",6fAd7h8Jt3Hsf764rn7kEV
1130,Zara Sa Jhoom Loon Main,4AfLtSXcvG8AkfQjDR0gJ1
1131,"Desi Girl (From ""Dostana"")",5yDtBUvjNse5mr5887lj59
1132,"Teri Ore (From ""Singh Is Kinng"")",7KF2NJNmZWHhH1KvcfpXGU
1133,Kajra Re,72HdutlIHBZJ7WT1xVAAZT
1134,Kuch Kuch Hota Hai,4RixtPhUXlci9ad4qIMj23
1135,"Tujhe Dekha To (From ""Dilwale Dulhania Le Jayenge"")",6FZrX6epdqcaQHx9LFRcuf
1136,"Ye Ishq Hai (From ""Jab We Met"")",1UHVj0W8BRn08AXvWcv8i6
1137,"Mere Khwabon Mein (From ""Dilwale Dulhania Le Jayenge"")",4gYBJIMEnBB0Ylz7VSAMNt
1138,Main Hoon Na,0v7rJIwQ2xeB1W19eU5IQS
1139,Ajab Si,5FXMRdJjKq1BIX4e8Eg9mK
1140,Dard - E - Disco,2GTasAZimpxzNgE7aXFifI
1141,Deewangi Deewangi,7emLx4rVwr0tPyjktu7A7U
1142,Dhoom Taana,4eKWtXoGajnaGKvKAcgc8f
1143,Koi Mil Gaya,5L9fLNHSj5SuGvJRljdWJb
1144,"Jaane Kyun (From ""Dostana"")",4w90JoFrkoYfxe4S8DWD7T
1145,Aaja Nachle,2Bn2JQAGZzxe09jFzm1SqJ
1146,Crazy Kiya Re,0se928CIhZPlfVGi3A6zrx
1147,Soni De Nakhre,4tBMbRwLJa5BjwJ6FrBlks
1148,Chammak Challo (Muthada Chammak Challo),4y15Lwes1Zw9Q6wWpQmgUU
1149,Kabhi Kabhi Aditi,3APdIdF8H0jsxSuGOqXedS
1150,Pappu Can't Dance,7MkhC2h8lDwyEfaKxf48cJ
1151,"Guzarish (From ""Ghajini"")",39bHz64P8EIGXnoPfpYnUE
1152,Maahi Ve,7Czm0vv2sYL5z4P51KY66e
1153,Guzarish,2MvCNH9ua0CeOgUQfZf56z
1154,Chand Sifarish,5EYZZvmNAH5VZCwuzYJqoA
1155,"Tumse Milke Dil Ka (From ""Main Hoon Na"")",0QejcQ3N4V7c5kpQnHpVyA
1156,Sheila Ki Jawani,6VbmeIWTbNHM5uqoW7GTE4
1157,Haule Haule,2UKK9UEbKlykbmLVP1zWIQ
1158,Tum Se Hi,7eQl3Yqv35ioqUfveKHitE
1159,Rock N Roll Soniye,0W1eHrIACKah9l0Q9v611q
1160,Yeh Ladka Hai Deewana,41Vl2OoM83VVe0eePpsgUf
1161,Aankhein Khuli,16XEVyPh5NT31CAAqPbxQF
1162,Tainu Leke,34wsgkPMRk3xIfHdwtezbf
1163,Le Gayi,2Hs659VSIWrtetYzclXVP6
1164,Say Na Say Na,4apmtrZ0jOe4AqT3dByOCH
1165,Nach Baliye,7AJtoJnHV80IMEHgQs6YvU
1166,Dupatta Tera Nau Rang Da,3wiKJ8i3Ixdrc3qxBFFbPM
1167,Do U Wanna Partner,3ZkmX9dKgLKUa2r026Xm3Y
1168,Mere Khwabon Mein,5wyzawAfi1y7Zgsx3jr7MD
1169,Tujhe Dekha To,59JemC1a4KDC1WxNAt7Zpt
1170,Ho Gaya Hai Tujhko To Pyar Sajna,7jV2zwwRKvHoLA8WFr3SCN
1171,"Suraj Hua Maddham (From ""Kabhi Khushi Kabhie Gham"")",2bTOQ3zfHVDEBX9ffy3JzR
1172,Touch Me,6Niy4LfcTcvJJkzfLz5W1B
1173,Hey Shona,2H9SvhMVXSYPxxkQgzkTKp
1174,Nimbooda,1gdWDwF6vCUg0dkZ06f6b4
1175,Saanwali Si Ek Ladki,6wL6ufct7tTP16hLeCb9xi
1176,Jag Soona Soona Lage,2sVzO3L0fdOMVe8wVlM0IE
1177,Dil Dooba,6cUaCs1lKfDOyFKMkBF8ch
1178,"Kar Har Maidaan Fateh (From ""Sanju"")",3FHl1QYu76zguwjqhqcglX
1179,Believer,0pqnGHJpmpxLKifKRmU6WP
1180,Sultan,3kSBSSsXtebECjCggW87yq
1181,Get Ready To Fight,3n1IbkZGIxwP27kiE3TKtP
1182,"Get Ready To Fight Reloaded (From ""Baaghi 3"") (feat. Siddharth Basrur)",3SglaOPDd7NRathWQmjFfY
1183,Brothers Anthem,3uZiNvBNQldjl4OJiKsuxe
1184,Rise Of Sultan,5Byhl7uKwvfxFIcyNqcObU
1185,"Bezubaan Kab Se (From ""Street Dancer 3D"")",1WzOH0E1W1z5jcLluumQGE
1186,Bande Hain Hum Uske,1FmZHc5UXiQRb0eqjkHLP5
1187,Raftaarein,3pjZQfBShK7O01QvtQwmcg
1188,Fikar Not,330vcLQSoOetyGLe426JSU
1189,Mile Sur,3Ny50E1FKyQDHEh8E7OVcu
1190,Let's Crack It! - Student Anthem,56jqQoogTEdxDetNV0Cvwa
1191,Bandeya Rey Bandeya,69EBg5Kl8SwvDfxFQ1aPNY
1192,Ek Jindari,15KvWFuKadQjcyfXdNCd7u
1193,Din Shagna Da,20rwogC6aE369YsxFb5aRp
1194,Yeh Ladka Hai Allah,0IYpKZhCeoXB85BslBg3q5
1195,Latthay Di Chaadar,58AkcBdW5NpM2TBbkKbdK3
1196,Chan Chariya,5p6IaXmi6srnPFBoWgoWTc
1197,Chaap Tilak - Lofi Version,5fxrCaC39UI84ae9rbqHyr
1198,Sajdaa,395gJWcJQK0C3GJfHAn7f6
1199,Jashn-E-Bahaaraa,1O5mTSQa0sCce9ghhDqIZl
1200,Sajde,4N66qcycDiFLJGjnXiKbKX
1201,Aadha Ishq,4lKuVRhrSO9le6tRbgrpKC
1202,Perfect,7N1fSNc1rhiwWt2l8FOgjm
1203,Ballay Ballay,0sdO6nyM0N9QpIL6jV5mpi
1204,"Kesariya (From ""Brahmastra"")",6VBhH7CyP56BXjp8VsDFPZ
1205,Aaj Sajeya,1Oyfarj5ipZwEup8DUM7hA
1206,Baari,0HTb4JfMtMkMYUtyd19In3
1207,Dil Diyan Gallan,5MnAi6ZF7cE8pAz7wYr9Ta
1208,Kahani Suno 2.0,4VsP4Dm8gsibRxB5I2hEkw
1209,Mere Sohneya,7sJQv0LRPgM2xCkkdWOlyj
1210,Ishq Mubarak,4M513o3dSYspKeT6UNJpcx
1211,"Dil Ko Karaar Aaya (From ""Sukoon"")",5urYiIXu1ZhfMAOsp7WDTc
1212,Tujhe Kitna Chahein Aur (Film Version),0mHU8dcIvGrGDazLMmQpSg
1213,Jeene Laga Hoon,3t3wsY5IdLVzB9WidegJSU
1214,"Lag Ja Gale (From ""Bhoomi"")",3O9yuuwFSe9l6PUn5CovQM
1215,Mast Magan,3uL1IBFhg52VcQqOwAG01E
1216,"Tere Bin (From ""Simmba"")",4f5kLqyOJ5ZPnalEVMQrB2
1217,Tu Jaane Na,4iFPsNzNV7V9KJgcOX7TEO
1218,Ranjha - Sid X Kiara Wedding Version,1nvvaiJbrhCkM3Az74N1pM
1219,Afreen Afreen (Coke Studio Season 9),7pBcon5GqvUfn58HRfF8wv
1220,"Dil (Shreya’s Version) [From ""Ek Villain Returns""]",40J6OXnrmEwR8O2LKKVeqB
1221,Kabira (Encore),3jJ5HgLRNydtLRghjWVaCG
1222,Desan Da Raja,0GJdQwy34pSYCh6ETSQs7R
1223,Rishte Naate,5fKzdTKPV9vT4WEjEdxXrt
1224,Tum Jo Aaye,2iZeKe5avjtKVmjfSFkpxd
1225,Aap Ki Nazron Ne Samjha,4QtnvaVqrc1bbIYneO38ub
1226,"Lagtay Masoom Hain - From ""Tanaa Banaa""",6B0iZaiXXa3sKZmvU4fS7l
1227,Tere Mast Mast Do Nain,2WnpXcXoX1vYvERYG3eKlT
1228,Humko Humise Chura Lo,4T3VAoUDvCJkX5OSYXnng0
1229,Tera Hone Laga Hoon,0dLbrlAVPPjpPqnYfmJsWk
1230,Tainu Leke,34wsgkPMRk3xIfHdwtezbf
1231,Salaam-E-Ishq,3oIWJujQwLjGBG8kZGnJkg
1232,Piya O Re Piya,5a11x5PUFvJEadMRqtNtTr
1233,Aankhein Khuli,16XEVyPh5NT31CAAqPbxQF
1234,Ajab Si,5FXMRdJjKq1BIX4e8Eg9mK
1235,Tujhe Dekha To,59JemC1a4KDC1WxNAt7Zpt
1236,Andekhi Anjaani,3cL1Lpn7e4fKeEwi68S9Hd
1237,Waalian,68AyTcvyK46hpzwohHUkJI
1238,"Ek Din Aap (From ""Yes Boss"")",7dbO1k9ryxPFJG0fvYBffu
1239,Tu Mohabbat Hai,2pR0sWcRylkkNJtvMjYL18
1240,"Chashni (From ""Bharat"")",5X5db3FrBOHbibrFKA02MQ
1241,Saibo - Lofi Flip,1E16f7KcZmuXuhlenRwA2m
1242,Ranjha - Sid X Kiara Wedding Version,1nvvaiJbrhCkM3Az74N1pM
1243,2 Number,6gMab3hSZu5ZikM0wt4YTf
1244,Slow Motion Angreza,0JX7Es2j556FwtR6YqMKzP
1245,Apa Fer Milaange,6JP8RinqsLkPiBi7B0VLGJ
1246,Sajjan Raazi,2wJrXt4ysLBry4GAkgmDpy
1247,Soch,5ACG6R1PbFnP7WHZNVDHAi
1248,Titliaan,1980E4Grgu5xAhNbFZ1mb1
1249,12 Saal,00KoecK1MTjqUamcy5Tm0l
1250,Do You Know,3kKfPlamJ5CO6j9tA4RdyS
1251,Backbone,4t77OsiudWy4timV32lPa2
1252,"Lahore (From ""Lahore"")",5VGINWbl9DKfr8a9QiCeOX
1253,Khaab,0a6zRnrjmaOcqsEIFkXIhw
1254,Sakhiyaan,3sqRODOZ1Z6hR4F2tnFAlg
1255,Baari,0HTb4JfMtMkMYUtyd19In3
1256,Jind Mahi,3SJVCbBFTxR6UvvTWRNbMp
1257,Sajna da Dil Torya,05Xd5LJpv6cKDUavCg2EWh
1258,Daryaa,5WJ7hrAsgcfncN8zussoFq
1259,Daru Badnaam,2TzyJEUfWHGRsk3r6Emvbk
1260,Udaarian,3K3mo4LoxPKk18oqIC3hQC
1261,"Channa Ve - From ""Bhoot - Part One: The Haunted Ship""",2Z6HgNji9cNlFLNORw6wDQ
1262,Ishq Di Baajiyaan,7AAap8D4C4pTyNoMkM9vjG
1263,"Nain Ta Heere (From ""Jugjugg Jeeyo"")",3NpbGCDrcQTERaZb5dHhd3
1264,"High Rated Gabru (From ""High Rated Gabru"")",2LEwvQq0PFtrmIl2dikenr
1265,Teri Khair Mangdi,4HceynRFeONXIHTq4X1q2N
1266,Zaroor,5thVzD79BxlDTYy0LfHzvu
1267,Darmiyaan,163jamCc6vC1HQKpbu2jxC
1268,Hass Hass,72vuBPMhwFNlSYpTSf6fVD
1269,Nasha (Equals Sessions),1rDjwexewf4hrdZT7SRNsH
1270,Mi Amor,24MMjyA3NLqCsDJfsn51eg
1271,Lemonade,3ZGJhN4unVspOqpwGvUL2W
1272,One Love,5ZLkihi6DVsHwDL3B8ym1t
1273,Pardes Katenda,4IR5cCTkL4DjgJwtSijbjL
1274,Udh Di Phiran,4sTY5k1xidkZWbtvVZrft3
1275,Tu Hi Das De,0j21DdvUCtKQo6AJ4svfj4
1276,Love Dose,1QZRCi2Z1DQQaR6bGAzhtN
1277,Sajan Das Na,4TNzipbkHuhp5DtHcZ9osE
1278,Udh Chaliye,1nclw0f2veqDK2PAdR779g
1279,Ek Jindari,15KvWFuKadQjcyfXdNCd7u
1280,Tere Bin,4ynrGpHy0cTZPRBJrhIHNP
1281,Ucha Lamba Kad,3GAVREeCqJTAJsGEkTd3CL
1282,Thagyan,6KdTA6s7zmqLyB5ZNvVta0
1283,Ve Haaniyaan,2C6CJGFLbisteRuY6Plb7b
1284,Sadqay,2lX53kXvYnvpV8Vqfe4S7s
1285,295,5W7DOVGQLTigu09afW7QMT
1286,9:45,6c4Po8zyQjB4cR5XgLhcGb
1287,Beqadra,5I5i0H4j9lVLEAbdA4Ja9P
1288,Champagne,7fYE7BT9Na8XpALQwuhIwX
1289,Brown Rang,5EGeP0TyStjpdtUeFF0edS
1290,So High,5PdLhmHOy2dnnFIMrj8in0
1291,Waalian,68AyTcvyK46hpzwohHUkJI
1292,Qismat,1VvyJqs2x2hXr5qYUL4ER2
1293,Rock Tha Party,0NoNwbg1fnrb3DHCZ8We6q
1294,Tu Jhoom,2xRtXbFAmk3cW6xE1zF7ye
1295,Wakhra Swag,5ELdfuK94uQPcrd6ho5Kqy
1296,Tere Bina Na Guzara E,4wILHvb65fCykx1BuRlvwa
1297,Tere Bina Na Guzara E,7pJdaQB4QscYPPKOSPp7iH
1298,"Mere Sohneya (From ""Kabir Singh"")",2IoZMG3RqiTmsy7Li3zGFg
1299,Moon Rise,3oWv5qDKYN7MH6FdlglMN5
1300,Moonrise,0uSsibjt7ZjdRwHTJrqWOT
1301,Maghron La,6zU7GoGlsJtIUNPRGNl0m8
1302,Kooch Na Karin,0TqOvKVUVGouGv4pyR5gj0
1303,Chann Vi Gawah,1bhPjjD9bepecMxYAtKA1l
1304,Kajra Mohabbat Wala,6jOJKvXuroxki7OoFPXE9W
1305,Ranjheya Ve,4uxuqSSwxaN1HDKWm3Qx7P
1306,"Dekhha Tenu (From ""Mr. And Mrs. Mahi"")",34Fh4HXZmnuBdtgejWUZg2
1307,Despacito,6habFhsOp2NvshLv26DqMb
1308,Memories,2b8fOow8UzyDFAE27YhOZM
1309,Girls Like You (feat. Cardi B) - Cardi B Version,7fa9MBXhVfQ8P8Df9OEbD8
1310,Demons,5qaEfEh1AtSdrdrByCP7qR
1311,Señorita,0TK2YIli7K1leLovkQiNik
1312,Happier,2dpaYNEQHiRxtZbfNsse99
1313,Mama,7jEyX4bqaCSdMN4D4JNnVj
1314,Arcade,1Xi84slp6FryDSCbzq4UCD
1315,Someone You Loved,7qEHsqek33rTcFNT9PFqLf
1316,willow,0lx2cLdOt3piJbcaXIV74f
1317,Centuries,04aAxqtGp5pv12UXAg4pkq
1318,Hold On,5vjLSffimiIP26QG5WcN2K
1319,Counting Stars,2tpWsVSb9UEmDRxAl1zhX1
1320,Baby,6epn3r7S14KUqlReYr77hA
1321,Sorry,09CtPGIpYB4BrO8qb1RGsF
1322,"Hey Mama (feat. Nicki Minaj, Bebe Rexha & Afrojack)",285HeuLxsngjFn4GGegGNm
1323,Despacito - Remix,6rPO02ozF3bM7NnOV4h6s2
1324,Treat You Better,3QGsuHI8jO1Rx4JWLUh9jd
1325,Whatever It Takes,6Qn5zhYkTa37e91HC1D7lb
1326,Arcade,1J14CdDAvBTE1AJYUOwl6C
1327,STAY (with Justin Bieber),4kux0P5UfguojB4h0lQnsj
1328,Talking to the Moon,161DnLWsx1i3u1JT05lzqU
1329,Love Yourself,50kpGaPAhYJ3sGmk6vplg0
1330,When You're Gone,0U1W2LZVUX7qTm7dDpqxh6
1331,Stitches,3zkWCteF82vJwv0hRLba76
1332,There's Nothing Holdin' Me Back,7JJmb5XwzOO8jgpou264Ml
1333,Levitating,39LLxExYz6ewLAcYrzQQyP
1334,"thank u, next",3e9HZxeyfWwjeyPAMmWSSQ
1335,7 rings,6ocbgoVGwYJhOv1GgI9NsF
1336,Sucker,22vgEDb5hykfaTwLuskFGD
1337,Believer,0pqnGHJpmpxLKifKRmU6WP
1338,Hailey,23EquxExXkNmGCCY96P0Iu
1339,Happier,2RttW7RAu5nOAfq6YFvApB
1340,What Do You Mean?,4B0JvthVoAAuygILe3n4Bs
1341,Cool for the Summer,3uwnnTQcHM1rDqSfA4gQNz
1342,Old Town Road (feat. Billy Ray Cyrus) - Remix,2YpeDb67231RjR0MgVLzsG
1343,abcdefu,4fouWK6XVHhzl78KzQ1UjL
1344,Ghost,5dPz35akJjPqb17yeqNwqH
1345,STAY (with Justin Bieber),5HCyWlXZPP0y6Gqq8TgA20
1346,Blank Space,1u8c2t2Cy7UBoG4ArRcF5g
1347,Shape of You,7qiZfU4dY1lWllzX7mPBI3
1348,Love Me Like You Do,0Cy7wt6IlRfBPHXXjmZbcP
1349,You Belong With Me,1GEBsLDvJGw7kviySRI6GX
1350,Hips Don't Lie (feat. Wyclef Jean),3ZFTkvIE7kyPt6Nu3PEa7V
1351,Savage Love (Laxed - Siren Beat),1xQ6trAsedVPCdbtDAmk0c
1352,Thumbs,6WC5fhc9XMaCrUNKNjm9xE
1353,See You Again (feat. Charlie Puth),2JzZzZUQj3Qff7wapcbKjc
1354,The Nights,0ct6r3EGTcMLPtrXHDvVjc
1355,Enemy (with JID) - from the series Arcane League of Legends,1r9xUipOqoNwggBpENDsvJ
1356,MIDDLE OF THE NIGHT,58HvfVOeJY7lUuCqF0m3ly
1357,Blinding Lights,0VjIjW4GlUZAMYd2vXMi3b
1358,INDUSTRY BABY (feat. Jack Harlow),27NovPIUIRrOZoCHxABJwK
1359,changes,7AFASza1mXqntmGtbxXprO
1360,Hope,2ZRo7axmMPeSVUvDbGkJah
1361,MONTERO (Call Me By Your Name),3FcseYxP7eeE7ihwgz2U2c
1362,STAR WALKIN' (League of Legends Worlds Anthem),38T0tPVZHcPZyhtOcCP7pF
1363,Bad Days,46jJxQLrUiRqisL8rTtbeH
1364,If I Can't Have You,6LsAAHotRLMOHfCsSfYCsz
1365,We Don't Talk Anymore (feat. Selena Gomez),06KyNuuMOX1ROXRhj787tj
1366,Summer Of '69,0GONea6G2XdnHWjNZd6zt3
1367,Young Volcanoes,4yXNMbZrsFJbPTH0WfhwEB
1368,Light Switch,3AVXwaOGCEL8cmBecfcsFJ
1369,Lost In Japan,6WBTeFDEfAJbaSUUc1V1xQ
1370,There's Nothing Holdin' Me Back,79cuOz3SPQTuFrp8WgftAu
1371,Treat You Better,76t5B0ttSAje5KHmQbv88t
1372,Mercy,3OalxlWH0v14kyBcNBMINt
1373,Stitches,1WP1r7fuvRqZRnUaTi2I1Q
1374,Where Were You In The Morning?,51wrmElSLxFzc0vSQPeTxs
1375,Roses,6xiVsK5u3Ke4guuMfJbETq
1376,No Promises,6eUouFqCAodbsNRlndqHb2
1377,Memories,1JOXtsCnIVcDkVi9SxMIso
1378,Sugar,2iuZJX9X9P0GKaE93xcPjk
1379,Girls Like You (feat. Cardi B) - Cardi B Version,6FRLCMO5TUHTexlWo8ym1W
1380,Payphone,1LmN9SSHISbtp9LoaR5ZVJ
1381,Maps,4gbVRS8gloEluzf0GzDOFc
1382,What Lovers Do,6J0H3SA8SjW2fnwaPBYdid
1383,Animals,2bL2gyO6kBdLkNSkxXNh6x
1384,"Moves Like Jagger - Studio Recording From ""The Voice"" Performance",7LcfRTgAVTs5pQGEQgUEzN
1385,Cold,6Q8FQAJvftRsY6U16k1Idf
1386,Don't Wanna Know,1KdpTTxFDKWiO3ULAwNqxt
1387,Bet My Heart,0PVXxR08EseBvBn9th64op
1388,Help Me Out,1mrBxe5wf8ZZaBQR0coNT8
1389,Best 4 U,6sNfbvehzz8Uz6EWhUm69n
1390,Shallow - Radio Edit,6QfS2wq5sSC1xAJCQsTSlj
1391,Bad Romance,5WFIK6GKHpNXfjlH3BSnep
1392,Just Dance,1dzQoRqT5ucxXVaAhTcT0J
1393,Paparazzi,02XnQdf7sipaKBBHixz3Zp
1394,Riptide,7yq4Qj7cqayVTp3FF9CWbm
1395,That's What I Like,0KKkJNfGyhkQ5aFogxQAPU
1396,Versace on the Floor,3trg82Eql6tqi2EAxluhy8
1397,Treasure,55h7vJchibLdUkxdlX3fK7
1398,Uptown Funk (feat. Bruno Mars),32OlwWuMpZ6b0aN2RZOeMS
1399,When I Was Your Man,0nJW01T7XtvILxQgC5J7Wh
1400,The Climb,0V8FYVlBFuXXTIvRnMbZyS
1401,Always Remember Us This Way,2rbDhOo9Fh61Bbu23T2qCk
1402,Say You Won't Let Go,5uCax9HTNlzGybIStD3vDh
1403,Imagination,21TcDbGosp7w9YhTjOszgA
1404,I'm Yours,3S0OXQeoh0w6AY8WQVckRW
1405,Temperature,0k2GOhqsrxDTAbFFSdNJjT
1406,Kahani Suno 2.0,4VsP4Dm8gsibRxB5I2hEkw
1407,Kahani Mohabat Ki,3Jf6VmasyMYzr2EJBXpXQH
1408,Sajni,4JkeZCRHUiB43GMdU4WaSC
1409,Bikhra,0OdztoASgKBBNcAgtErk0X
1410,Iraaday,6qrifdo7QINdPQr80IelGi
1411,Aisay Kaisay,0mAswKg3RCbmXAV4KYTUxM
1412,Alag Aasmaan,74kCarkFBzXYXNkkYJIsG0
1413,Kana Yaari,7MTUN4bpk7Im3Sxz9oCULf
1414,Laaree Chootee,3juoXpZ1CRCbWHnWk5rVbV
1415,Roiyaan,6pIDq4rIuH75nEwNew2dlW
1416,Tu Mera Nahi,148Tqqxe65ob2wZWzpgrdY
1417,Alif (Original Score),7xGSwa9Y1ynisnNrC9IuMy
1418,Yaariyan,0BGkjQ1KkKjXdrM5VxBhAO
1419,Saathiya - Ishq-e-Laa OST,7xFCepEt3ApcZg8XRi1xFZ
1420,Teriyaan,3NhmAud2wll5oJGazyJKTP
1421,Ibadat ( Ishq-E-Laa),0stRmPesziVpBfMobbISrE
1422,"Tau Dil Ka Kia Hua - From ""Tau Dil Ka Kia Hua""",7hAkHsYqFUqQc5uA6uTrro
1423,Fraud (Original Score),3MazXCUiY4iwOM1a7ix1Mt
1424,Dobara - Original Soundtrack,6j733ifShVLqDYOKyUgfb3
1425,Mushkil (Original Score),5QOmraBFgFQZNObrQve9Iv
1426,Deewangi (Original Score),5qIdMS3c7xqHG6WOzzmAku
1427,"Do Bol - Original Sound Track from,"" Do Bol""",7h6HwzDbF1U8rdhETtM6Wb
1428,"Lagtay Masoom Hain - From ""Tanaa Banaa""",6B0iZaiXXa3sKZmvU4fS7l
1429,Mushk,7oxs1RFQxp3mNQkHB5DTyJ
1430,Aey Zindagi,3NhkvsRPj5NDiFuttw6L9T
1431,"Khamoshi - From ""Khamoshi """,10N8FtJ3tsxEyWbJ6AkJ9j
1432,Maula,0GnBPqTNkBuTacWBfgun35
1433,Ijazat,4jcdirDqlZ9rDAXwzzeeFQ
1434,Suroor,7EwDWAUVx5RfXQbzHyfYFW
1435,Khuda Or Muhabbat,6SdQzIvX9cqfxyhh5p9AS3
1436,Yaariyan (Original Score),6r9zKdZmZICTLeLSNb4S6v
1437,"Malaal E Yaar - From ""Malaal E Yaar""",7dD7itwx1o6gAq1qPaUGnT
1438,Dil Ruba,6xfly5hZnpbZCtHZKvFo03
1439,"Tum Mere Hi Rehna - From ""Tum Mere Hi Rehna""",6P6UBdMy9qaUFYw4sLGeEw
1440,"Kar Thure Mehrban E Yan - From""Sehra Main Safar""",4AiEe9OLG0s247x6UQbuIZ
1441,"Alif Allah Aur Insaan - From ""Alif Allah Aur Insaan""",4NvEHYDTvfJ37oV6ahc7D9
1442,Peechay Hutt,6ePcfMCQ7uUKwAamUiVtXL
1443,Pasoori,7lvDsmTRXFE3dK4OjvRiWB
1444,Weli Ho,3xoeyCTIlvBaLuTmewPRwL
1445,Thagyan,6KdTA6s7zmqLyB5ZNvVta0
1446,Dil Kay Isharay,2JgSxQenl3eRwewgBUWyKU
1447,Beparwah,1BkYDk1hrLKkPi10OVSrhR
1448,Kabhi Mai Kabhi Tum,5OlSnwlxvERp4z32qG6BjS
1449,Habibi,7e6mcPDj3sEZ5TQkZjn6Fy
1450,Har Zulm Tera Yaad Hai,50VtctorZYmu3LlBlesII2
1451,"Wo Humsafar Tha - From ""Humsafar""",2z8o3kYaRs2nZGxnZ691SJ
1452,Zindagi Khaak Na Thi,3O0BxvcCS4tntOlNa3sdGO
1453,"Mann Mayal - From ""Mann Mayal""",3F2c3vXY4wrbi9xjgoQYuu
1454,"O Rangreza - From ""O Rangreza""",63Tdaqeaw7WeVkugjAkMux
1455,"Sajna Ve Sajna - From ""Udaari""",4SpIinYuQTz0bAKOTywjtz
1456,Dil Jaaniya,2Wz2bWn4kP3f5q070eTpL7
1457,Lambiya Judaiyan,670jTy8jm0KkBJLXXTx1ds
1458,Moonrise,0uSsibjt7ZjdRwHTJrqWOT
1459,Na Cher Malangaan Nu,2mkzhEH79XteEuzHjenNeg
1460,Ik Lamha,70MVLulHguwdhGo7100hsU
1461,Afsanay,05sqcYfU2wMlKwPVJ0rotq
1462,Sajna,2YJORD2YXFoIDhiqD3bLKg
1463,Bol Kaffara Kya Hoga,5jnt5HGf3grIxnvn4jvE2B
1464,Jhoom - R&B Mix,6zAvNLJkdyRApUHnlJjKfO
1465,Neray Neray Vas,5P9gtOtId7RoyakIvlPGwM
1466,Rafta Rafta,4SLWJ2ff0RHSJOSp2MPIHH
1467,Zindagi Kuch Toh Bata (Reprise),6TGX01ExmdHyOG72fqUU3Q
1468,Ye Tune Kya Kiya,2cPUB8EOT6AfJ8oxhyoNXL
1469,"Mann Bharryaa 2.0 (From ""Shershaah"")",3jf5303mzzJ96O8xFTcEn4
1470,Waalian,68AyTcvyK46hpzwohHUkJI
1471,Kahani Suno 2.0,4VsP4Dm8gsibRxB5I2hEkw
1472,Ambarsariya,4qRcjFkFqSpLBzcbLDt7HL
1473,Bulleya,0Bz7dfqPY4JOGZO3O1j8Wh
1474,Tum Jo Aaye x Ye Tune Kya Kiya x Ishq Sufiyana (Medley),1uAlO1HjLStmiHucLNgNpo
1475,Moonrise,0uSsibjt7ZjdRwHTJrqWOT
1476,Yeh Raaten Yeh Mausam,00oiWWOX0SL1UICReGtoLy
1477,Aap Ki Nazron Ne Samjha,4QtnvaVqrc1bbIYneO38ub
1478,Aap Ki Nazron Ne Samjha,4QtnvaVqrc1bbIYneO38ub
1479,Mitwa,4BTPzhEsyW3blWcxcuhLM0
1480,Bikhra,0OdztoASgKBBNcAgtErk0X
1481,Iraaday,6qrifdo7QINdPQr80IelGi
1482,Haaray,2LCvypYL9a21Hln4A4EdWU
1483,Maan Meri Jaan,1418IuVKQPTYqt7QNJ9RXN
1484,Tune Jo Na Kaha,0pw3p4gf5homOkvOGOJulF
1485,Yaariyan (Original Score),6r9zKdZmZICTLeLSNb4S6v
1486,"Lagtay Masoom Hain - From ""Tanaa Banaa""",6B0iZaiXXa3sKZmvU4fS7l
1487,Mere Humsafar (Original Score) [Male Version],3coPaPUclFBuSUXq9XClg4
1488,Ik Lamha,70MVLulHguwdhGo7100hsU
1489,Gul,0NLkVxf0PyxsXBG3EuZcJf
1490,Tum Se Hi,7eQl3Yqv35ioqUfveKHitE
1491,"Bekhayali (Arijit Singh Version) [From ""Kabir Singh""]",6aPMWbbdhDhiJHlknZb9Yx
1492,Mitti Di Khushboo,7tp4iYvcZksGp1u7feUrrO
1493,Haareya - Ayushmann Khurrana Rock Version,6TtK6EPPmylsoRnCcX58PX
1494,Tu Chahiye,3aaiAWCet6sbfOfLSn3g7i
1495,"Jaane Kyun (From ""Dostana"")",3MNYXalwzhzSY3APoec6Nn
1496,Uff Teri Adaa,0og9wKFGgFFNQnrBe7eisG
1497,"Bekhayali (From ""Kabir Singh"")",1feANd8EfcDP5UqSvbheM3
1498,"Tujhe Kitna Chahein Aur (Film Version) [From ""Kabir Singh""]",3lT4SlZVvqLhMeiuBv7gHW
1499,Saadi Galli Aaja,0qVNxbFE4EUV3mNFodXiln
1500,Kaise Mujhe,5dJ02bXM7hZYWFO2YMWHKs
1501,Tere Naina,7u5B4ptccyg8T7NPfByhE7
1502,Aadha Ishq,4lKuVRhrSO9le6tRbgrpKC
1503,"Humraah (From ""Malang - Unleash The Madness"")",4xmkpE1Si5JL7NFxWrhV0S
1504,Tera Zikr,0OfaueVeRebAfWsAHajj3z
1505,Maana Ke Hum Yaar Nahin,1O3WfEwaSpsgZ6tw8jNT8I
1506,Heer,1CapGmE3jqZpEATdujksnX
1507,"Tera Yaar Hoon Main (From ""Sonu Ke Titu Ki Sweety"")",1NX33DecZrq4ZUGDc47AfN
1508,Khamoshiyan,6zCQF5tu7HVwU9shhKqiuF
1509,Raabta,6FjbAnaPRPwiP3sciEYctO
1510,Yahin Hoon Main,30UWFQsrAfkzcsRWaiNLtU
1511,Atrangi Yaari Unplugged,3lEr3RrIfy53ehzHOeXCoG
1512,Ilahi,5cgKosPPj5Cs9a2JQufUc1
1513,Blue Eyes,7wW9scVNLYFLsmBb1yAUmS
1514,Kalank (Title Track),1Y8jKq7CYLEW6PWp11jWZC
1515,Dil Mein Ho Tum,6P10EoBs8D9L7kjwgNkwFN
1516,Such Keh Raha Hai,5WGA59EdYqKdLkO4FDH17d
1517,Zara Zara,5gUuhtkbrISUIlqjD3oYgv
1518,Baarish,6ABHr8kYCws5z6gC9Lwith
1519,Humsafar,6TFESXMfJJWwccviaxGAMa
1520,Manchala,3zAXHUL5YcYOA41rruvjy4
1521,Manali Trance,7h0ZANufYJyf2v8oPX5zdA
1522,Ae Dil Hai Mushkil Title Track,1UWacd8x8tPPwmrPB1MoBI
1523,"Bulleya (From ""Ae Dil Hai Mushkil"")",0edt0Ar7ewLkMqy0jUtSWm
1524,Naina,3kN1OPVSLEK0vBFEOaLZsA
1525,Kabhi Kabhi Aditi,3APdIdF8H0jsxSuGOqXedS
1526,"Kya Mujhe Pyar Hai (From ""Woh Lamhe"")",7fW9J3EpVWVN1ouv0slAs0
1527,Tu Hai Ki Nahi,4brSaQIT3bnnE41D042fgL
1528,"Galliyan (Unplugged) [From ""Ek Villain""]",5hhsS7RcsT09Gx1l1ocPqy
1529,"Bolna (From ""Kapoor & Sons (Since 1921)"")",3GrCQPpKqKzOcKfMAoqn82
1530,"Sanam Re (From ""Sanam Re"")",3XWBGyt7m2rZAjEj0awWnw
1531,Love Dose,1QZRCi2Z1DQQaR6bGAzhtN
1532,Khairiyat,5O932cZmzOZGOGZz9RHx20
1533,O Saiyyan,1sL8hnnZaB2Xzm1J66y4Tt
1534,"Ya Rabba (From ""Salaam-E-Ishq"")",7KKRPM4fUsfCkJnd1zPhHf
1535,Agar Tum Saath Ho,3hkC9EHFZNQPXrtl8WPHnX
1536,Main Hoon Hero Tera (Sad Version),7AILi7PCizdNrnOcbAkDmo
1537,Tera Ban Jaunga,3oWxFNsXstcancCR1wODR4
1538,"Jeena Jeena (From ""Badlapur"")",6h09y5UH6sDRERJALlaJPi
1539,Zinda,1gEHNfJRSXpDVaEicwRRfe
1540,Jaane Nahin Denge Tujhe,3A4quJEQQLmFJFAYkYFtd9
1541,Sunn Raha Hai (Male Version),5PvwPy5eRO8BPwpRzCHK3D
1542,Mileya Mileya,1aqfzt5mpPoi7kYTFlfnIi
1543,Samjhawan,0rk2X5TAhraBC5aCIXK2Rq
1544,Pal,5G7pZ8G8NFvS1MQ9H4L7dC
1545,Hasi - Male Version,32765xcLM1fd6wQIpkN9A0
1546,Abhi Mujh Mein Kahin,73y649QhnXdcm6fRdvfraO
1547,Khwahishein,31TxQlV1owDhlyFiJvMfuW
1548,"Tum Tak (From ""Raanjhanaa"")",1aHS6fpEmaGp0U5r4fQNu0
1549,Tujh Mein Rab Dikhta Hai,2LcXJP95e4HKydTZ2mYfrx
1550,Soch Na Sake,71rvcGbKcdAkbVJSrsAsh7
1551,Janam Janam,4km0RUkMMFdx8iDuq36o2w
1552,Moh Moh Ke Dhaage (Female),7uubRr0u9Zxc1Y84hEn7Xf
1553,Moh Moh Ke Dhaage (Male),189DQylImZ1hGZaIpAQUzx
1554,Manwa Laage,3H43T5swYywvcdCBFiDgW6
1555,"Malang (Title Track) [From ""Malang - Unleash The Madness""]",25MPTnqXQB1H6OkwSYUXWx
1556,Duaa,606dT4oMKQc9uDUv7ADy97
1557,Mast Magan,3uL1IBFhg52VcQqOwAG01E
1558,Challa,6wXPV6dNRAhFavrRaCdMXT
1559,Bol Do Na Zara,6eO9LvEiMqh1CAsa6y3wXP
1560,Phir Mohabbat,2b2HutIDmoeBnnKRWDLAtV
1561,Kaun Tujhe (Armaan Malik Version),5fjIpQa7O7ttgx64TN9lZR
1562,Kaun Tujhe,5T2ZZiBMDGh3TZDUbxg4rV
1563,Shayad,1smFN2CLqGROu0J0UyvDfL
1564,Tera Ghata,0JBhoxPKHJc1ZeJrjSt0VO
1565,Ke Bin Tere,2o4xleLpqueckpCnHbVFvU
1566,"Ek Ladki Ko Dekha Toh Aisa Laga (From ""Ek Ladki Ko Dekha Toh Aisa Laga"")",3jyqXdAjwqO3gFtjnYrbq9
1567,"Hawayein (From ""Jab Harry Met Sejal"")",6871FKHumiy1Wfr6vF7Xxt
1568,Main Rahoon Ya Na Rahoon,6f3ANRNQ8nCiPZ6VqXqq93
1569,"Iktara (From ""Wake Up Sid"")",0qxTDueomxqHEUPwlD9y4S
1570,Kyun Main Jaagoon,6wsMVa2M6Ktea2UbnVoMvO
1571,Subhanallah,0GQngE2rOYvlKwEQjTAsP8
1572,Dil Kyun Yeh Mera,5nHwX7e5XHnie22nuTFgda
1573,Angreji Beat,377GChk68wFN4vwL5xUTEy
1574,Brown Rang,3JbIyrSNumxS5LHpAvLYF5
1575,"Proper Patola (From ""Proper Patola"") (feat. Badshah)",1J2LcFOhhXbgn54CjxZz25
1576,"Pani Da Rang Male (From ""Vicky Donor"")",6eTPyEkYUmDUFvNxJdNuOD
1577,Sakhiyaan,3sqRODOZ1Z6hR4F2tnFAlg
1578,Kya Baat Ay,1ZaeaGLhFSckG8sv1y7AWk
1579,"Ijazat (From ""One Night Stand"")",3JUmNYQyJKeRq2a3RR8K71
1580,Illegal Weapon,3Oe3VdPn6rAueriQvFhCBA
1581,"Naah Goriye (From ""Bala"")",1CM4rFDU9q4EoLy2K44qE6
1582,Amplifier,0l1i3nJ4aDMk0inxnvzYTz
1583,"For Aisha (Featured in ""The Sky Is Pink"")",6rfahvufEQDIVTHJIU2QQB
1584,Udd Gaye - Bacardi House Party Sessions,6wZJsut8fjiWiMPaccRAOX
1585,"Main Rang Sharbaton Ka (From ""Phata Poster Nikhla Hero"")",7hNb5juMQyy93U63jW4Mwj
1586,Tuntuna,1OkAxAQawPzy5hYfDzhoSv
1587,Chidiya,7mNZUnDWUDidWBFaUpVtOC
1588,Udh Chaliye,7mIYFNLw860G5C4Uq6yHG8
1589,"Darkhaast (feat. Arijit Singh, Sunidhi Chauhan)",1awtp7rf6ajhGY9BgzCHeZ
1590,Tune Jo Na Kaha,0pw3p4gf5homOkvOGOJulF
1591,Kya Mujhe Pyar Hai,3HFjh7QljnUCBLsoTwMuTj
1592,Aao Milo Chalo,6ocOeSjnWPcSTaSsi0zIdY
1593,Woh Ladki Hai Kahan,2tO0QPdCA0jgDBshTuYYkc
1594,Atrangi Yaari,7oVKUnaAGVgvGRGs0TQsbx
1595,Aabaad Barbaad,3jxNbVmugKWFFc3YAVl0sD
1596,"Bawara Mann (From ""Jolly Ll.B 2"")",4gkqGoKI311ayrtcvYaFTz
1597,Yahin Hoon Main,30UWFQsrAfkzcsRWaiNLtU
1598,"Ek Zindagi (From ""Angrezi Medium"")",6shPaz0rzOAGatiY6X6zLQ
1599,Aye Khuda,1vgVsR5rkXGP4NmUcoroJH
1600,Tu Hai,3vjkllvtOIKpVvXSWsu1ta
1601,Tera Rastaa Chhodoon Na,7cLGKaJXLFpUU7Up34vVr1
1602,Naina,3SHopOL3KEJ8PFl3vJdfmF
1603,Kahaan Ho Tum,4sO9tnvCH3DJZ3AAXoixjd
1604,Kaise Mujhe,5dJ02bXM7hZYWFO2YMWHKs
1605,Baarishein,5iCY0TXNImK4hyKfcplQsg
1606,tere bina,6N5WkgPIDoTdbCXyyIIKAv
1607,kya karoon?,6nXwthh92R2HlnyBWtHgHP
1608,"Subah Subah (From ""Sonu Ke Titu Ki Sweety"")",0kVt8GpMh5rzDHTfu479x8
1609,Taare,1CMiSJKIt6kgOtqxYnIphc
1610,Doobne De (Reprise),5wCXwpUnp9Yz56dfqi4gNA
1611,Lamha,4SfkrbE01Z2gppymu7RKlW
1612,Iktara,3jtKSUiVDowKNBqVQbWaig
1613,STAY (with Justin Bieber),5HCyWlXZPP0y6Gqq8TgA20
1614,Stay With Me,1HYzRuWjmS9LXCkdVHi25K
1615,Round And Round,3vAncbML0jhNrp63DKhsCo
1616,내 머리가 나빠서,1cKxbdfl0lytWFFMXsoCEA
1617,I'm Your Psycho,6fHm94SydJdd2fKhJHDlsn
1618,Sketch Book (It's Okay to Not Be Okay Opening Title),1FfVsR5gXH0gzVQP4pew2H
1619,Pehli Baar,39GcR1iJpR2RX629O0zuW5
1620,Tu Hi Hai,5b9x5sRIzAgXQw0dhGORO1
1621,Kasoor,08kTa3SL9sV6Iy8KLKtGql
1622,Tune Kaha,1gWtHDe403RuyZqhvSRcv8
1623,Sooraj Ki Baahon Mein,723xQva0yBF7M6K3nDAG8R
1624,Senorita,3TAhWtQnpoL5Vl9VQPl9fU
1625,Ambarsariya,4qRcjFkFqSpLBzcbLDt7HL
1626,Kabhi Kabhi Aditi,3APdIdF8H0jsxSuGOqXedS
1627,Bahara,1gwO79MdYdumgIjxq8eCxB
1628,Daaru Desi,5g2XO1vXNhvr1aevgcShJP
1629,Doobey,7k6QR9YHyW258yVN6FHO1T
1630,Chaand Baaliyan,0snQrp1VaY5Pj1YIHRJpRJ
1631,Gehraiyaan Title Track,70ifdSj5JAvKISNn2cD87A
1632,Maahi Ve,7Czm0vv2sYL5z4P51KY66e
1633,Zehnaseeb,3xF15SqY32Mno3UUMBirhU
1634,Ik Junoon (Paint It Red),7e6qTHVfRdaYsio90s1fHC
1635,O Gujariya,22EimU5vjrNYV9A3aIGqso
1636,Mast Magan,3uL1IBFhg52VcQqOwAG01E
1637,Navrai Majhi,5ZLplBxO5OmotTmYY8920p
1638,"Tum Hi Ho Bandhu (From ""Cocktail"")",4pE05HNzmVFGpCOfNKE3w6
1639,"Tu Meri (From ""Bang Bang"")",29GEhH79MHH2wzB7FXRQ2R
1640,Patakha Guddi,7jpmNt5iCtSdXuT1xEGp8O
1641,Tu Jaane Na,4iFPsNzNV7V9KJgcOX7TEO
1642,Hey Ya !,1qTh7hzjd361hjuzeaMFWK
1643,Jaane Kyun,6M2UnI1LnXuXlWU54CKmKx
1644,Ilahi,5cgKosPPj5Cs9a2JQufUc1
1645,Subhanallah,0GQngE2rOYvlKwEQjTAsP8
1646,Maahi Ve,1sbW5E7w8tnqpYk0Frx8QG
1647,Tum Se Hi,7eQl3Yqv35ioqUfveKHitE
1648,Tumse Hi Tumse,6qNyL8lZuqFmy9ginJRQOZ
1649,Adhoore,298atiKYvG84VfbXNbZiX5
1650,Kya Karoon?,4Yp8zw7b35bheMVTp39o5O
1651,Aahista Aahista,6yrIAJ4yMPzq8Vsu1d3CXg
1652,Offo,3f26GAn3yOXfoclLyN8AdD
1653,Ghoomar,3vJidBra6TBhO022fk6h8b
1654,Rihaa,05SJ8KGRFN71oFy0jkLOOW
1655,Bin Tere,3bZPdEskcnMdepwCaDSJRl
1656,Khuda Jaane,0gPgdRfB4jdGrlyXS0Vx78
1657,"Bandeya - From ""Dil Juunglee""",6gwnKOvdBKkTU4CQ7KpIAu
1658,Taare Ginn,1wbxjQnN7MTk8MKt3SumyY
1659,Jab Mila Tu,6Sp7azay1NZU4wxlFacWCl
1660,"Mileya Mileya (From ""Happy Ending)",0F2JKW9PYQgqSmyNM3IV2W
1661,Pehli Dafa,4Tkb7zsDmsawB7S5TpKQV1
1662,Preet,5Br8K1CLLVB7AuuM0t4G7r
1663,Bol Na Halke Halke,0u8wprNfOdcWpUlWnfMcpP
1664,Mera Mann Kehne Laga,1niVgR76UPobOED5cXfADq
1665,Saudebazi (Encore),1tPPINau3vBP8Q89JTn0ER
1666,Lat Lag Gayee,5XsoDbDt98b0FkFLOhsJuS
1667,Hai Junoon,5u4q3iqZ9IMbXaR7bsGYbW
1668,"Chor Bazari (From ""Love Aaj Kal "")",6XE0MxTJdLWEePTCqAw5xr
1669,"Ranjha (From ""Shershaah"")",72zHuDxFQTjbL51qJQSA7j
1670,Tum Mile,1EjxJHY9A6LMOlvyZdwDly
1671,Abhi Kuch Dino Se,1QufGJee7k9v4Cfp2NxXbv
1672,Phir Se Ud Chala,1kcV2LJxt5v0s2cEGtEJ5i
1673,Kun Faya Kun,7F8RNvTQlvbeBLeenycvN6
1674,Dildaara (Stand By Me),6ZoCBDOB308GqUdt2AJrV2
1675,Jashn-E-Bahaaraa,1O5mTSQa0sCce9ghhDqIZl
1676,Khwaja Mere Khwaja,4Zuei1UAP5pB5ovra9dnnp
1677,Zindagi Kuch Toh Bata (Reprise),6TGX01ExmdHyOG72fqUU3Q
1678,Permission to Dance,0LThjFY2iTtNdd4wviwVV2
1679,Butter,2bgTY4UwhfBYhGT4HUYStN
1680,My Universe,46HNZY1i7O6jwTA7Slo2PI
1681,Dynamite,4saklk6nie3yiGePpBwUoc
1682,Boy With Luv (feat. Halsey),5KawlOMHjWeUjQtnuRs22c
1683,Vilayati Sharaab,0NLZB5m1zL1WN6Cr8Vm8Dc
1684,Billian Billian,1FdbP9ZAcqQnOcda55boaL
1685,"Kusu Kusu (From ""Satyameva Jayate 2"")",6G699QfN1BWYWXfiblH51F
1686,Lat Lag Gayee,5XsoDbDt98b0FkFLOhsJuS
1687,Sooraj Dooba Hain,48pyUxg9RYuwie5M9R7qRn
1688,Subha Hone Na De,6WediUhXDfm8FR3wlM0r3G
1689,"Halka Halka (From ""Fanney Khan"")",44O26Gv1wQrlUj14PpTolM
1690,Badtameez Dil,4eu27jAU2bbnyHUC3G75U8
1691,Mauja Hi Mauja,2iXVckhPy7tP0wV9DvlrjZ
1692,Dilliwaali Girlfriend,3W1XPf7mvuQcWQB7U7MbTM
1693,Balam Pichkari,18e3XXYCv4Tx8uUl1mP3CN
1694,Ghagra,5YY8EsBdUYAg1NJQIvgCEj
1695,Zor Ka Jhatka,7EIq46YALncEzg0fYvLo0L
1696,Ainvayi Ainvayi,74AqVxZ3oXwJ8olHssBUG3
1697,Nagada Nagada,2W6bC4K4e6y42HnYTA5yHO
1698,Buddhu Sa Mann,1dxbiVeiV7nQ2V9qXnhJiB
1699,Dil Dhadakne Do,46elU7IBKWf55D5sjHGqO7
1700,"Main Tera Boyfriend (From ""Raabta"")",5VAkPCJTE6tbyReo9J4IQj
1701,"Malang (Title Track) [From ""Malang - Unleash The Madness""]",25MPTnqXQB1H6OkwSYUXWx
1702,Bom Diggy Diggy,6qCNaRRr5xJALfNJvh0NAw
1703,Kamariya,5cjVsWqIkBQC7acTRhL0RO
1704,Hookah Bar,4AoQVhME8Ko6LNm4lV2wwQ
1705,Chittiyaan Kalaiyaan,6XjJXPP3UiGtAQpYkD01c0
1706,Sau Tarah Ke,54SQet8YMttOgTqDNGcGpe
1707,"Abhi Toh Party Shuru Hui Hai (From ""Khoobsurat"")",51ZN0MyxxJ0VmCN2Hlscfw
1708,Perfect,0tgVpDi06FyKpA1z0VMD4v
1709,Lakk 28,5ocwsRq81ahwSdqaJ4Q9a0
1710,Lehanga,5Aor4uJBAId9r003NUoqyf
1711,"Lamborghini (From ""Jai Mummy Di"")",5xWpxI216rbOSiAqjdn6gy
1712,Jalebi Baby,6GKGoi0FHzldk1ZRQoV1fv
1713,Afghan Jalebi (Film Version),1rEVydQSe04NJUqyyEyeEq
1714,Sugar,2iuZJX9X9P0GKaE93xcPjk
1715,Señorita,0TK2YIli7K1leLovkQiNik
1716,Hulara,0A5xDWOEKHxxvz8VgTNQOC
1717,Intentions,364dI1bYnvamSnBJ8JcNzN
1718,Feel This Moment (feat. Christina Aguilera),0Hf4aIJpsN4Os2f0y0VqWl
1719,Yummy,41L3O37CECZt3N7ziG2z7l
1720,Kiss and Make Up,7jr3iPu4O4bTCVwLMbdU2i
1721,DDU-DU DDU-DU,69BIczdH6QMnFx7dsSssN8
1722,IDOL,2AIWoHr9DF6y4KALCBKWQS
1723,FAKE LOVE,3aW0ds4A4tSQDIp75FqWTo
1724,DNA,5SE57ljOIUJ1ybL9U6CuBH
1725,MONTERO (Call Me By Your Name),67BtfxlNbhBmCDR2L2l8qd
1726,"Aankh Marey (From ""Simmba"")",63MvWd6T6yoS7h4AJ4Hjrm
1727,Naagin,7gAyu0od48mkaCw1laPKVC
1728,"O Saki Saki (From ""Batla House"")",4cFwhwH5ydnHgB0Tv3lZsm
1729,Levitating (feat. DaBaby),5nujrmhLynf4yMoMtj8AQF
1730,How You Like That,6bvZRLLkBKkmgpBJTTj3QK
1731,Yummy - Summer Walker Remix,2FBpJGt00G0h1q0RHuqaGO
1732,Memories,4cktbXiXOapiLBMprHFErI
1733,Afghan Jalebi (Ya Baba),5z6FodPrcFqUjJbeAPpjXT
1734,Dum Dum,788Lp6lHrCrxJAZvS2l9YZ
1735,Haseeno Ka Deewana,6VNBEaG5sidkK3lwq7Ws0I
1736,Kamli,2QY6SJXVnBFaqxOZhC1Fuu
1737,"Dil Cheez Tujhe Dedi (From ""Airlift"")",4r5KcqClOrWJupeOZYEbGx
1738,Malang,65bMbbRjIlGyJBgQRi6Qvv
1739,"Palat - Tera Hero Idhar Hai (From ""Main Tera Hero"")",0R5invf0xH2NTXVnloNRjb
1740,Blue Eyes,7wW9scVNLYFLsmBb1yAUmS
1741,Dil Chori,6zojSFiUNySBy3Kd1JVCXb
1742,Coca Cola Tu,6okS55W5vZI2m6dcgtcHIG
1743,Dheeme Dheeme,4At0CnQes5Kx1ROSnnP4lK
1744,Hornn Blow,170bb45dHeLQdCZjAltIiB
1745,Love Dose,1QZRCi2Z1DQQaR6bGAzhtN
1746,Desi Kalakaar,7m4CgL81VVIHaaiSxyH922
1747,Amplifier,0l1i3nJ4aDMk0inxnvzYTz
1748,Bewafa,4FcknXDJ8yW2QYUl0cm6uJ
1749,Party On My Mind,5Rn1DPzSzUktbhuNDDJocS
1750,"Illegal Weapon 2.0 (From ""Street Dancer 3D"")",11IAzj9706fIKBVCJyMNNt
1751,Nashe Si Chadh Gayi,0biCSADTAblvLTLtJz4pXO
1752,"Akh Lad Jaave (From ""Loveyatri - A Journey Of Love"")",5IMFa8ISmcse5yITzrGgJo
1753,Ude Dil Befikre,0hgTkEDY9oIG5DPKN39KHP
1754,Love Shot,0yB4jrSwN0bFtFRDR5vyMj
1755,Asalaam-e-Ishqum,7gw6rSstVq9CmuQAaZhWm8
1756,Aahun Aahun,6eEAevjmfFiu5SSvH0DRY8
1757,Jhoom Barabar Jhoom,4HfmI5Yisll9PCOjJhtijw
1758,Do Dhaari Talwaar,6RZwj2PZDqM6g7gmO6bOxw
1759,Challa,6wXPV6dNRAhFavrRaCdMXT
1760,"Noori - From ""Superstar""",1sHy0yBw3RR3P2GxcCr0il
1761,Behka Re (Jawani Phir Nahi Ani 2),6fmO0WJjL2u4EwY76YiL4D
1762,Kalabaaz Dil,0KoBImVGzMTifXJ4Mf8i1h
1763,Chhalawa,2mpSvBNobsPMHD2YewN0Iu
1764,Shakar Wandaan,0hoq8UyzBtpmagoCzgb3od
1765,Desi Thumka,4L1iqMAUJklCss5n2dzlxN
1766,12 Saal - 12 Saal,3Mo6EsFmmyfuK3ORJA4qiR
1767,Ijazat,4jcdirDqlZ9rDAXwzzeeFQ
1768,No Make Up,0WXyJHcgaibGLH1xoiWDIa
1769,Uchiyaan Dewaraan,1CYn0jiSz0gubTpYJbuTMS
1770,Rafta Rafta,4SLWJ2ff0RHSJOSp2MPIHH
1771,Pehli Nazar Mein,17opN752ZQpNuoptelsNQ1
1772,Kuch Is Tarah,7MpBCqNHuNc2dgSckXizRo
1773,Woh Lamhe - Remix,723pP4FLUQv1qSAnQtgl78
1774,Tune Jo Na Kaha,0pw3p4gf5homOkvOGOJulF
1775,Beete Lamhein,0zQa7QXLpUZfrrsWbgDZll
1776,Ishq Wala Love,1hQia6rxgfM1ly2hE3StWp
1777,Deewana Kar Raha Hai,2tva3nN2kQhBjHMC7Zlty6
1778,O Re Piya,7cWnks0lsRtpAi87COOiXK
1779,Roiyaan,6pIDq4rIuH75nEwNew2dlW
1780,Laaree Chootee,3juoXpZ1CRCbWHnWk5rVbV
1781,Udh Chaliye,7mIYFNLw860G5C4Uq6yHG8
1782,Judaai (Unplugged),4KYB40YNkm7hS6XJ34vAH6
1783,Sajna,4zf6wf6LcbwoEjfZHHeXdF
1784,Saajna,7KzGAwJRYS9KLMuVnStqYN
1785,Laiyan Laiyan,45vvC6Ce1SIsQUNQOhehhC
1786,Is Pal,2wrKKhL0tTEbkbFPnIFq8u
1787,Maula Mere Maula,5KNuHsIeFtD0oukst77hBi
1788,Mehrama,6cUOiOY5qh2FpIQWIYAd2h
1789,Tere Bin Nahi Laage (Male Version),3u947zydbp5jVgVNlaRgv4
1790,Saathi Rey,6P0XrGFaGfNh0ObmhSTKW2
1791,Manchala,3zAXHUL5YcYOA41rruvjy4
1792,Kyun Main Jaagoon,6wsMVa2M6Ktea2UbnVoMvO
1793,Aaoge Jab Tum,3fWMFwaJil8fD14JCgwbcL
1794,"Sapna Jahan (From ""Brothers"")",6uQkoo1UGWThtEpNEYc6Ga
1795,Lag Ja Gale,4QEytRwdtpdbexU2ZFVZbj
1796,Ek Pyar Ka Nagma Hai,6H0u2gCH5F2R34dBJM6rhg
1797,Aap Ki Nazron Ne Samjha,4QtnvaVqrc1bbIYneO38ub
1798,Mere Bina,4rSmmC6OYmjVOYxr8ruVWN
1799,Jiyein Kyun,0up9rhm9qt2LW7cnoDFCMk
1800,Saajna (Unplugged),7FEa01m9SgfOaam2AawVF6
1801,Saiyyan,2vR23BjIzpLMtzsyKrM6Mb
1802,Darmiyaan,163jamCc6vC1HQKpbu2jxC
1803,Baarishein,5iCY0TXNImK4hyKfcplQsg
1804,"Judaai (From ""Badlapur)",1eZ9Kq8voa1bnJi3dZD8M1
1805,Mar Jaayen,1ZGZsRhYm4XEU7ZWhYBxJA
1806,"Tere Mere (From ""Chef"")",4lBO4Q7Pa816Mk3ptYcYUz
1807,Chan Kitthan,39es2uqzKE5p6dwL6OjAZh
1808,Kahin To,3E424W0IJS3ypZ4YOxE0Jn
1809,"Musafir (From ""Sweetiee Weds Nri"")",6O6L3hL5IlKuMhMqggTX4w
1810,"Lagtay Masoom Hain - From ""Tanaa Banaa""",6B0iZaiXXa3sKZmvU4fS7l
1811,Daryaa,6dN6k8fcjeB3Z2zLnxeyhP
1812,Naina,3SHopOL3KEJ8PFl3vJdfmF
1813,Khudaya Ve,2PRLuCoUGWfUpbBo7yWuJd
1814,"Saware (From ""Phantom"")",2y0hUGvHaKm2p5xmJF4HBe
1815,Jo Tu Na Mila - Acoustic,0TyyNe2BGZ5UOUzSGT4pP2
1816,Awari,7IEww1rwWe1scos6rarOYh
1817,Main Agar,45IVxWsY3y0wLLk77bZWlA
1818,Halka Halka,5IPQRERKcsXeaKlRpEJr28
1819,Tu Jaane Na,4iFPsNzNV7V9KJgcOX7TEO
1820,Allah Waariyan,6YYVzVapUF3UnZQ0igasl3
1821,"Humdard (From ""Ek Villain"")",2PvaburAUlhNHxVhw5lvOq
1822,Judaai,2MsGTWvf7dcjKbI0WTq6Pz
